Country,Year,Life expectancy,GDP,Income composition of resources
Afghanistan,2015,65,584.25921,0.479
Afghanistan,2014,59.9,612.696514,0.476
Afghanistan,2013,59.9,631.744976,0.47
Afghanistan,2012,59.5,669.959,0.463
Afghanistan,2011,59.2,63.537231,0.454
Afghanistan,2010,58.8,553.32894,0.448
Afghanistan,2009,58.6,445.8932979,0.434
Afghanistan,2008,58.1,373.3611163,0.433
Afghanistan,2007,57.5,369.835796,0.415
Afghanistan,2006,57.3,272.56377,0.405
Afghanistan,2005,57.3,25.2941299,0.396
Afghanistan,2004,57,219.1413528,0.381
Afghanistan,2003,56.7,198.7285436,0.373
Afghanistan,2002,56.2,187.84595,0.341
Afghanistan,2001,55.3,117.49698,0.34
Afghanistan,2000,54.8,114.56,0.338
Albania,2015,77.8,3954.22783,0.762
Albania,2014,77.5,4575.763787,0.761
Albania,2013,77.2,4414.72314,0.759
Albania,2012,76.9,4247.61438,0.752
Albania,2011,76.6,4437.17868,0.738
Albania,2010,76.2,494.358832,0.725
Albania,2009,76.1,4114.136545,0.721
Albania,2008,75.3,437.539647,0.713
Albania,2007,75.9,363.13685,0.703
Albania,2006,74.2,35.1293,0.696
Albania,2005,73.5,279.142931,0.685
Albania,2004,73,2416.588235,0.681
Albania,2003,72.8,189.681557,0.674
Albania,2002,73.3,1453.642777,0.67
Albania,2001,73.6,1326.97339,0.662
Albania,2000,72.6,1175.788981,0.656
Algeria,2015,75.6,4132.76292,0.743
Algeria,2014,75.4,547.8517,0.741
Algeria,2013,75.3,5471.866766,0.737
Algeria,2012,75.1,5564.82566,0.732
Algeria,2011,74.9,5432.2523,0.724
Algeria,2010,74.7,4463.394675,0.714
Algeria,2009,74.4,3868.83123,0.705
Algeria,2008,74.1,495.254866,0.697
Algeria,2007,73.8,3935.183343,0.69
Algeria,2006,73.4,3464.6179,0.686
Algeria,2005,72.9,31.122378,0.68
Algeria,2004,72.3,2598.9823,0.673
Algeria,2003,71.7,294.33556,0.663
Algeria,2002,71.6,1774.33673,0.653
Algeria,2001,71.4,1732.857979,0.644
Algeria,2000,71.3,1757.17797,0.636
Angola,2015,52.4,3695.793748,0.531
Angola,2014,51.7,479.31224,0.527
Angola,2013,51.1,484.616884,0.523
Angola,2012,56,4598.249988,0.508
Angola,2011,51,4299.12889,0.495
Angola,2010,49.6,3529.53482,0.488
Angola,2009,49.1,3347.84485,0.48
Angola,2008,48.7,3868.578883,0.468
Angola,2007,48.2,2878.837144,0.454
Angola,2006,47.7,262.415149,0.439
Angola,2005,47.4,1443.991929,0.426
Angola,2004,47.1,141.86844,0.415
Angola,2003,46.8,779.468356,0.406
Angola,2002,46.5,711.181716,0.401
Angola,2001,45.7,526.168743,0.391
Angola,2000,45.3,555.2969419,0.382
Antigua and Barbuda,2015,76.4,13566.9541,0.784
Antigua and Barbuda,2014,76.2,12888.29667,0.782
Antigua and Barbuda,2013,76.1,12224.86416,0.781
Antigua and Barbuda,2012,75.9,12565.44197,0.778
Antigua and Barbuda,2011,75.7,11929.34991,0.782
Antigua and Barbuda,2010,75.6,12126.87614,0.783
Antigua and Barbuda,2009,75.4,1312.46692,0.788
Antigua and Barbuda,2008,75.2,1473.31923,0.786
Antigua and Barbuda,2007,75,14252.29452,0.781
Antigua and Barbuda,2006,74.8,12724.39377,0.773
Antigua and Barbuda,2005,74.6,11371.93895,0
Antigua and Barbuda,2004,74.4,1352.8374,0
Antigua and Barbuda,2003,74.2,9739.82556,0
Antigua and Barbuda,2002,74,9386.716452,0
Antigua and Barbuda,2001,73.8,9358.154162,0
Antigua and Barbuda,2000,73.6,9875.161736,0
Argentina,2015,76.3,13467.1236,0.826
Argentina,2014,76.2,12245.25645,0.825
Argentina,2013,76,12976.63642,0.823
Argentina,2012,75.9,12969.7712,0.822
Argentina,2011,75.7,12726.9836,0.816
Argentina,2010,75.5,1276.265,0.802
Argentina,2009,75.6,8161.36966,0.794
Argentina,2008,75.4,8953.359275,0.792
Argentina,2007,74.8,7193.61764,0.788
Argentina,2006,75.2,5878.76127,0.782
Argentina,2005,74.9,576.883829,0.78
Argentina,2004,74.7,4251.574348,0.775
Argentina,2003,74.1,333.4376,0.77
Argentina,2002,74.1,2579.193168,0.776
Argentina,2001,74,717.694674,0.771
Argentina,2000,74.1,7669.273916,0.764
Armenia,2015,74.8,369.654776,0.741
Armenia,2014,74.6,3994.712355,0.739
Armenia,2013,74.4,3843.591213,0.736
Armenia,2012,74.4,3684.8481,0.732
Armenia,2011,73.9,3526.978143,0.729
Armenia,2010,73.5,3218.381655,0.72
Armenia,2009,73.3,2993.832531,0.725
Armenia,2008,73.2,41.26997,0.721
Armenia,2007,73.5,3138.8873,0.707
Armenia,2006,72.9,2158.299,0.692
Armenia,2005,73,1643.758397,0.679
Armenia,2004,73,1191.96192,0.668
Armenia,2003,72.7,93.1661567,0.657
Armenia,2002,72.6,783.261699,0.645
Armenia,2001,72.6,694.435119,0.644
Armenia,2000,72,622.7427477,0.639
Australia,2015,82.8,56554.3876,0.937
Australia,2014,82.7,62214.6912,0.936
Australia,2013,82.5,67792.3386,0.933
Australia,2012,82.3,67677.63477,0.93
Australia,2011,82,62245.129,0.927
Australia,2010,81.9,51874.848,0.927
Australia,2009,81.7,42742.99898,0.925
Australia,2008,81.3,49664.6854,0.921
Australia,2007,81.3,4991.98289,0.918
Australia,2006,81.2,36118.28381,0.915
Australia,2005,81,3416.71483,0.91
Australia,2004,86,3472.37977,0.908
Australia,2003,83,23465.38559,0.905
Australia,2002,79.9,281.81763,0.902
Australia,2001,79.9,19517.84168,0.899
Australia,2000,79.5,2169.921,0.897
Austria,2015,81.5,43665.947,0.892
Austria,2014,81.4,51322.63997,0.892
Austria,2013,81.1,554.71532,0.887
Austria,2012,88,48333.57273,0.884
Austria,2011,88,51126.74139,0.88
Austria,2010,84,46657.629,0.872
Austria,2009,82,47654.18721,0.87
Austria,2008,84,51386.37665,0.864
Austria,2007,81,46586.6525,0.86
Austria,2006,79.8,443.99361,0.854
Austria,2005,79.4,38242.4252,0.848
Austria,2004,79.3,36693.4262,0.841
Austria,2003,78.8,3212.9355,0.837
Austria,2002,78.7,26351.37568,0.847
Austria,2001,78.6,24489.73553,0.837
Austria,2000,78.1,24517.26745,0.833
Azerbaijan,2015,72.7,55.31382,0.758
Azerbaijan,2014,72.5,7891.299776,0.752
Azerbaijan,2013,72.2,7875.756953,0.745
Azerbaijan,2012,71.9,7496.335728,0.742
Azerbaijan,2011,71.6,7189.691229,0.741
Azerbaijan,2010,71.1,5842.85784,0.737
Azerbaijan,2009,78,495.294791,0.728
Azerbaijan,2008,73,5574.6382,0.719
Azerbaijan,2007,73,3851.437869,0.708
Azerbaijan,2006,69.2,2473.85776,0.682
Azerbaijan,2005,68.4,1578.4239,0.675
Azerbaijan,2004,68.4,145.2163,0.668
Azerbaijan,2003,67.8,883.6439965,0.659
Azerbaijan,2002,67.8,763.73858,0.651
Azerbaijan,2001,67.5,73.6838434,0.642
Azerbaijan,2000,66.6,655.974326,0.636
Bahrain,2015,76.9,22688.87824,0.823
Bahrain,2014,76.8,24983.3792,0.82
Bahrain,2013,76.7,251.18329,0.815
Bahrain,2012,76.5,23649.36661,0.812
Bahrain,2011,76.1,2281.1242,0.812
Bahrain,2010,76.1,2722.1389,0.81
Bahrain,2009,76,19356.67236,0.814
Bahrain,2008,75.8,2367.56535,0.815
Bahrain,2007,75.6,2977.1153,0.813
Bahrain,2006,75.5,1937.99549,0.81
Bahrain,2005,75.3,17959.17854,0.806
Bahrain,2004,75.2,15846.47641,0.803
Bahrain,2003,75,14221.99259,0.798
Bahrain,2002,74.9,1312.33457,0.796
Bahrain,2001,74.7,12868.211,0.794
Bahrain,2000,74.5,13636.34668,0.786
Bangladesh,2015,71.8,121.15812,0.575
Bangladesh,2014,71.4,184.56543,0.57
Bangladesh,2013,71,951.8894535,0.565
Bangladesh,2012,77,856.342857,0.557
Bangladesh,2011,73,835.789341,0.545
Bangladesh,2010,69.9,757.6717572,0.535
Bangladesh,2009,69.5,681.125368,0.523
Bangladesh,2008,69.1,615.7775411,0.52
Bangladesh,2007,68.6,541.651484,0.513
Bangladesh,2006,68.2,494.51466,0.506
Bangladesh,2005,67.8,484.155471,0.499
Bangladesh,2004,67.3,46.7579167,0.491
Bangladesh,2003,66.8,432.7388972,0.484
Bangladesh,2002,66.3,4.6135745,0.476
Bangladesh,2001,65.8,42.5981152,0.468
Bangladesh,2000,65.3,45.63371,0.459
Barbados,2015,75.5,15557.8381,0.794
Barbados,2014,75.4,15359.66971,0.793
Barbados,2013,75.2,15472.7814,0.792
Barbados,2012,75.1,15384.8749,0.785
Barbados,2011,74.9,15534.1574,0.78
Barbados,2010,74.7,1595.91232,0.781
Barbados,2009,74.6,16523.32388,0.779
Barbados,2008,74.4,1657.3228,0.775
Barbados,2007,74.2,16462.48556,0.771
Barbados,2006,74.1,15646.5591,0.766
Barbados,2005,73.9,14223.86576,0.761
Barbados,2004,73.8,12868.8639,0.757
Barbados,2003,73.7,1228.5447,0.753
Barbados,2002,73.5,11675.39395,0.749
Barbados,2001,73.4,11513.87189,0.75
Barbados,2000,73.3,11568.1111,0.741
Belarus,2015,72.3,5949.11677,0.798
Belarus,2014,72,8318.429294,0.796
Belarus,2013,71.7,7978.825443,0.796
Belarus,2012,71.9,694.243915,0.793
Belarus,2011,72,6519.71753,0.787
Belarus,2010,73,63.38877,0.78
Belarus,2009,70,5176.172649,0.771
Belarus,2008,70,6376.183153,0.755
Belarus,2007,69.8,4735.484827,0.739
Belarus,2006,68.9,3848.215966,0.723
Belarus,2005,68.1,3126.71767,0.713
Belarus,2004,68.2,2378.33927,0.703
Belarus,2003,67.7,1819.525644,0.695
Belarus,2002,67.2,1479.383142,0.687
Belarus,2001,67.7,1244.373185,0.681
Belarus,2000,68,1276.28834,0.675
Belgium,2015,81.1,4356.875,0.895
Belgium,2014,89,47439.39684,0.89
Belgium,2013,87,4651.38647,0.889
Belgium,2012,83,4474.5717,0.886
Belgium,2011,83,4772.77415,0.884
Belgium,2010,80,4438.23741,0.878
Belgium,2009,79.8,4488.5615,0.876
Belgium,2008,79.5,48424.58927,0.874
Belgium,2007,79.5,4443.83131,0.871
Belgium,2006,79.4,38852.3613,0.865
Belgium,2005,78.9,36967.28292,0.861
Belgium,2004,78.8,35589.71295,0.88
Belgium,2003,78.3,3743.95693,0.878
Belgium,2002,78,2552.3328,0.875
Belgium,2001,78,23121.56635,0.873
Belgium,2000,77.6,2327.4591,0.869
Belize,2015,71,4849.997495,0.706
Belize,2014,70,4852.223666,0.705
Belize,2013,69.8,4688.538443,0.706
Belize,2012,69.4,4673.63848,0.702
Belize,2011,69.4,4516.24675,0.7
Belize,2010,69.5,4344.15177,0.7
Belize,2009,69.5,4258.788611,0.7
Belize,2008,69.6,447.22796,0.699
Belize,2007,69.6,4324.876427,0.7
Belize,2006,69.4,4187.3783,0.692
Belize,2005,69,3933.332215,0.695
Belize,2004,68.7,3831.53819,0.691
Belize,2003,68.4,3679.99523,0.684
Belize,2002,68.5,3556.561825,0.678
Belize,2001,68.2,3419.275719,0.677
Belize,2000,68.3,3364.423711,0.668
Benin,2015,60,783.94791,0.481
Benin,2014,59.7,943.686575,0.475
Benin,2013,59.5,915.2674586,0.466
Benin,2012,59.3,837.9551,0.458
Benin,2011,59.1,825.9427854,0.454
Benin,2010,58.7,757.695974,0.451
Benin,2009,58.4,793.45243,0.448
Benin,2008,57.6,82.1513498,0.444
Benin,2007,57.1,76.535419,0.438
Benin,2006,56.8,625.8392,0.434
Benin,2005,56.5,61.799977,0.43
Benin,2004,56.1,583.493514,0.423
Benin,2003,55.8,519.2922847,0.416
Benin,2002,55.6,418.6985763,0.407
Benin,2001,55.5,378.73654,0.395
Benin,2000,55.4,374.1923942,0.389
Bhutan,2015,69.8,2613.645177,0.604
Bhutan,2014,69.4,2522.7968,0.596
Bhutan,2013,69.1,235.882889,0.589
Bhutan,2012,68.7,2422.816,0.581
Bhutan,2011,68.3,2458.45976,0.572
Bhutan,2010,67.9,2178.921383,0
Bhutan,2009,67.4,177.234497,0
Bhutan,2008,67,1795.18137,0
Bhutan,2007,66.5,1741.142552,0
Bhutan,2006,65.8,1335.45696,0
Bhutan,2005,65,1247.61392,0
Bhutan,2004,64.2,197.45788,0
Bhutan,2003,63.3,997.7417141,0
Bhutan,2002,62.5,885.6382245,0
Bhutan,2001,61.7,87.9387673,0
Bhutan,2000,62,765.8632358,0
Bosnia and Herzegovina,2015,77.4,4574.9787,0.747
Bosnia and Herzegovina,2014,77.2,5193.94932,0.742
Bosnia and Herzegovina,2013,77,535.86555,0.735
Bosnia and Herzegovina,2012,76.8,4716.673325,0.728
Bosnia and Herzegovina,2011,76.9,55.156834,0.711
Bosnia and Herzegovina,2010,76.4,4611.47298,0.717
Bosnia and Herzegovina,2009,76.1,4697.89732,0.716
Bosnia and Herzegovina,2008,76,575.31664,0.71
Bosnia and Herzegovina,2007,75.4,418.292176,0.703
Bosnia and Herzegovina,2006,75.7,344.321698,0.697
Bosnia and Herzegovina,2005,75,2968.41186,0
Bosnia and Herzegovina,2004,75.5,265.642661,0
Bosnia and Herzegovina,2003,75.2,2214.732246,0
Bosnia and Herzegovina,2002,75.4,1761.537647,0
Bosnia and Herzegovina,2001,74.9,1524.41222,0
Bosnia and Herzegovina,2000,74.6,1461.7552,0
Botswana,2015,65.7,6532.651,0.698
Botswana,2014,65.1,7497.762376,0.697
Botswana,2013,64.2,77.625783,0.693
Botswana,2012,63.4,729.231453,0.687
Botswana,2011,62.2,7645.21469,0.678
Botswana,2010,61.1,6346.15624,0.669
Botswana,2009,59.2,5185.729845,0.661
Botswana,2008,57.5,5623.379566,0.646
Botswana,2007,56.9,5714.47937,0.63
Botswana,2006,54.8,5374.554867,0.61
Botswana,2005,51.7,5351.253732,0.593
Botswana,2004,48.1,4896.583835,0.58
Botswana,2003,46.4,4163.6596,0.567
Botswana,2002,46,355.618382,0.558
Botswana,2001,46.7,3128.97793,0.56
Botswana,2000,47.8,3349.68823,0.559
Brazil,2015,75,8757.2622,0.754
Brazil,2014,74.8,1226.61731,0.747
Brazil,2013,74.7,12216.9446,0.734
Brazil,2012,74.5,12291.46685,0.73
Brazil,2011,74.1,13167.47289,0.724
Brazil,2010,73.8,11224.1548,0.716
Brazil,2009,73.6,8553.3847,0.714
Brazil,2008,73.4,8787.61375,0.704
Brazil,2007,73.3,7313.557962,0.7
Brazil,2006,73,586.145975,0.698
Brazil,2005,72.7,477.182746,0.694
Brazil,2004,72,3623.47667,0.695
Brazil,2003,71.8,359.587582,0.699
Brazil,2002,71.4,2819.649531,0.692
Brazil,2001,71,3146.95177,0.685
Brazil,2000,75,3739.11936,0.677
Brunei Darussalam,2015,77.7,3967.8951,0.864
Brunei Darussalam,2014,77.6,4159.8652,0.863
Brunei Darussalam,2013,77.1,44597.27968,0.86
Brunei Darussalam,2012,78.3,47651.2599,0.852
Brunei Darussalam,2011,77.4,4717.273,0.846
Brunei Darussalam,2010,76.9,35268.1117,0.845
Brunei Darussalam,2009,76.8,27965.4754,0.841
Brunei Darussalam,2008,77.2,37951.286,0.84
Brunei Darussalam,2007,76,32672.36717,0.84
Brunei Darussalam,2006,76.3,398.96692,0.837
Brunei Darussalam,2005,76.2,2612.13345,0.834
Brunei Darussalam,2004,76.4,21896.6527,0.828
Brunei Darussalam,2003,76,18555.56649,0.823
Brunei Darussalam,2002,74.8,16846.2198,0.82
Brunei Darussalam,2001,74.7,16468.12886,0.819
Brunei Darussalam,2000,74.4,188.44826,0.818
Bulgaria,2015,74.5,6993.47736,0.792
Bulgaria,2014,74.3,7853.335191,0.787
Bulgaria,2013,74.1,7674.86559,0.781
Bulgaria,2012,73.9,7378.25539,0.778
Bulgaria,2011,73.7,7813.83499,0.775
Bulgaria,2010,73.4,6843.263289,0.77
Bulgaria,2009,73.2,6955.987733,0.768
Bulgaria,2008,72.9,7296.122479,0.761
Bulgaria,2007,72.6,5932.899677,0.755
Bulgaria,2006,72.2,4513.13628,0.75
Bulgaria,2005,72.1,3893.68998,0.745
Bulgaria,2004,72.2,3381.57837,0.738
Bulgaria,2003,72,271.46824,0.729
Bulgaria,2002,71.8,287.534843,0.723
Bulgaria,2001,71.6,1764.97387,0.713
Bulgaria,2000,71.1,169.28586,0.709
Burkina Faso,2015,59.9,615.592225,0.399
Burkina Faso,2014,59.3,75.1464113,0.398
Burkina Faso,2013,59,699.452847,0.392
Burkina Faso,2012,58.6,673.8227,0.384
Burkina Faso,2011,58.1,666.842783,0.377
Burkina Faso,2010,57.5,575.4464527,0.365
Burkina Faso,2009,56.9,552.7455521,0.356
Burkina Faso,2008,56.1,569.7612784,0.345
Burkina Faso,2007,55.3,475.11122,0.334
Burkina Faso,2006,54.3,422.6332374,0.325
Burkina Faso,2005,53.3,46.998871,0
Burkina Faso,2004,52.4,371.323865,0
Burkina Faso,2003,51.6,332.344351,0
Burkina Faso,2002,51,26.7635413,0
Burkina Faso,2001,56,235.4912324,0
Burkina Faso,2000,51,226.4759814,0
Burundi,2015,59.6,33.681223,0.406
Burundi,2014,59.1,312.7489794,0.404
Burundi,2013,58.6,282.7555252,0.398
Burundi,2012,58,265.285651,0.393
Burundi,2011,57.4,26.479973,0.385
Burundi,2010,56.8,231.1943256,0.361
Burundi,2009,56.2,24.944652,0.336
Burundi,2008,55.3,196.2472628,0.319
Burundi,2007,54.8,17.79995,0.309
Burundi,2006,54.1,165.8794176,0.29
Burundi,2005,53.4,15.57434,0.286
Burundi,2004,52.6,127.4296648,0.279
Burundi,2003,51.9,112.849373,0.276
Burundi,2002,51.5,122.4335893,0.268
Burundi,2001,51.3,133.7427689,0.268
Burundi,2000,58,135.9984455,0.268
Cabo Verde,2015,73.3,2954.119467,0.646
Cabo Verde,2014,73,3529.61843,0.643
Cabo Verde,2013,72.8,3558.796314,0.643
Cabo Verde,2012,72.7,348.482762,0.636
Cabo Verde,2011,72.6,367.429453,0.632
Cabo Verde,2010,72.5,3312.825985,0.627
Cabo Verde,2009,72.4,3444.5566,0.621
Cabo Verde,2008,72.4,3638.95946,0.615
Cabo Verde,2007,72.3,3112.285712,0.602
Cabo Verde,2006,72.1,234.28992,0.596
Cabo Verde,2005,71.8,248.13459,0.582
Cabo Verde,2004,71.4,1976.45856,0.574
Cabo Verde,2003,71.1,1768.92132,0.572
Cabo Verde,2002,77,1373.515636,0.569
Cabo Verde,2001,73,1268.884564,0.562
Cabo Verde,2000,69.9,1239.377855,0
Cambodia,2015,68.7,1163.18977,0.558
Cambodia,2014,68.3,198.687123,0.553
Cambodia,2013,67.8,128.419568,0.546
Cambodia,2012,67.4,95.244132,0.54
Cambodia,2011,67,882.491462,0.533
Cambodia,2010,66.6,785.6928841,0.519
Cambodia,2009,66.1,738.2326684,0.52
Cambodia,2008,65.6,745.7877873,0.511
Cambodia,2007,65,631.675789,0.495
Cambodia,2006,64.1,539.8791529,0.483
Cambodia,2005,62.9,474.2238766,0.47
Cambodia,2004,61.5,48.615184,0.458
Cambodia,2003,63,362.4213785,0.445
Cambodia,2002,59.3,339.676984,0.427
Cambodia,2001,58.5,321.22634,0.412
Cambodia,2000,57.7,3.685949,0.401
Cameroon,2015,57.3,1244.429421,0.514
Cameroon,2014,56.7,1441.1417,0.507
Cameroon,2013,56.4,1365.34419,0.501
Cameroon,2012,55.9,1255.648189,0.496
Cameroon,2011,55.6,1295.649726,0.486
Cameroon,2010,55.3,1182.869227,0.48
Cameroon,2009,54.8,123.19538,0.473
Cameroon,2008,54.2,1233.524316,0.466
Cameroon,2007,53.6,111.71186,0.456
Cameroon,2006,53.3,12.989164,0.456
Cameroon,2005,52.8,952.1872484,0.456
Cameroon,2004,52.1,93.211716,0.455
Cameroon,2003,51.8,824.8689393,0.452
Cameroon,2002,51.6,676.397661,0.452
Cameroon,2001,51.5,614.6729339,0.437
Cameroon,2000,51.4,68.414399,0.433
Canada,2015,82.2,43315.744,0.919
Canada,2014,82,544.43376,0.912
Canada,2013,81.8,52413.72116,0.909
Canada,2012,81.6,52496.69487,0.907
Canada,2011,81.5,5282.2176,0.903
Canada,2010,81.2,47447.4762,0.898
Canada,2009,81,4773.45436,0.898
Canada,2008,87,46596.33599,0.897
Canada,2007,85,44544.5268,0.894
Canada,2006,85,4386.69948,0.891
Canada,2005,81,36189.58838,0.886
Canada,2004,80,31979.87195,0.881
Canada,2003,79.7,28172.14883,0.877
Canada,2002,79.5,24167.8431,0.872
Canada,2001,79.4,23691.59472,0.867
Canada,2000,79.1,24124.16917,0.864
Central African Republic,2015,52.5,348.381417,0.347
Central African Republic,2014,58,377.132274,0.345
Central African Republic,2013,49.9,337.4849614,0.37
Central African Republic,2012,53,486.41114,0.366
Central African Republic,2011,49.8,494.336779,0.361
Central African Republic,2010,49.2,446.4434494,0.352
Central African Republic,2009,48.6,449.961839,0.345
Central African Republic,2008,47.6,456.8614334,0.338
Central African Republic,2007,46.8,397.148467,0.33
Central African Republic,2006,46.3,347.673678,0.323
Central African Republic,2005,45.9,327.1149461,0.319
Central African Republic,2004,45.7,313.21598,0.315
Central African Republic,2003,45.7,286.25819,0.316
Central African Republic,2002,45.6,253.768343,0.315
Central African Republic,2001,45.6,243.1586486,0.314
Central African Republic,2000,46,243.5429317,0.312
Chad,2015,53.1,777.248751,0.394
Chad,2014,52.6,125.998515,0.39
Chad,2013,52.2,986.13177,0.387
Chad,2012,51.8,973.472574,0.381
Chad,2011,51.6,989.2363633,0.37
Chad,2010,51.2,896.5697341,0.36
Chad,2009,57,84.455939,0.343
Chad,2008,49.6,929.772391,0.338
Chad,2007,49.4,81.683884,0.306
Chad,2006,48.5,712.1847694,0.303
Chad,2005,48.6,66.2421396,0.306
Chad,2004,48.5,454.6765879,0.301
Chad,2003,48.4,292.5914364,0.284
Chad,2002,48.1,22.854821,0.303
Chad,2001,48,197.3156442,0.3
Chad,2000,47.6,166.231785,0
Chile,2015,85,13653.2264,0.845
Chile,2014,83,14817.37778,0.841
Chile,2013,81,15941.39722,0.831
Chile,2012,79.9,15431.9293,0.826
Chile,2011,79.8,1475.69242,0.82
Chile,2010,79.1,1286.17764,0.815
Chile,2009,79.3,1243.32824,0.816
Chile,2008,79.6,1781.3668,0.804
Chile,2007,78.9,1526.87746,0.797
Chile,2006,78.9,9484.681227,0.796
Chile,2005,78.4,7615.3468,0.79
Chile,2004,78,621.828325,0.781
Chile,2003,77.9,4787.699532,0.775
Chile,2002,77.8,4463.545867,0.768
Chile,2001,77.3,4595.666327,0.761
Chile,2000,77.3,511.368479,0.755
China,2015,76.1,869.211938,0.734
China,2014,75.8,7683.5238,0.723
China,2013,75.6,777.77594,0.713
China,2012,75.4,6337.882993,0.703
China,2011,75.2,5633.79616,0.7
China,2010,75,456.512487,0.691
China,2009,74.9,3838.434292,0.682
China,2008,74.5,3471.247547,0.672
China,2007,74.4,2695.366223,0.659
China,2006,74.2,299.229676,0.646
China,2005,73.9,1753.4178,0.634
China,2004,73.5,158.668462,0.622
China,2003,73.1,1288.642924,0.61
China,2002,72.7,1148.5857,0.6
China,2001,72.2,153.1824,0.592
China,2000,71.7,959.372181,0.583
Colombia,2015,74.8,644.525556,0.724
Colombia,2014,74.6,7913.383432,0.72
Colombia,2013,74.4,83.5863,0.712
Colombia,2012,74.3,7884.984429,0.707
Colombia,2011,74.2,7227.73968,0.7
Colombia,2010,73.6,625.65544,0.695
Colombia,2009,73.6,5148.422113,0.691
Colombia,2008,73.5,5433.7245,0.683
Colombia,2007,73.5,4674.21961,0.675
Colombia,2006,73.1,379.78776,0.669
Colombia,2005,73.1,3386.256,0.658
Colombia,2004,72.8,274.249442,0.658
Colombia,2003,72.4,2246.257472,0.659
Colombia,2002,71.8,2355.725857,0.656
Colombia,2001,71.5,2395.856551,0.653
Colombia,2000,71.4,2472.197831,0.65
Comoros,2015,63.5,727.6463868,0.498
Comoros,2014,63.2,852.954379,0.497
Comoros,2013,62.9,834.341949,0.49
Comoros,2012,62.5,788.632653,0.484
Comoros,2011,62.2,829.7586885,0.479
Comoros,2010,61.8,769.1742883,0.476
Comoros,2009,61.3,778.5454199,0.465
Comoros,2008,61,795.97519,0.461
Comoros,2007,66,72.759313,0.459
Comoros,2006,63,648.38717,0.451
Comoros,2005,60,621.93372,0.434
Comoros,2004,59.8,616.4197236,0
Comoros,2003,59.6,544.566526,0
Comoros,2002,59.5,433.2691451,0
Comoros,2001,59.5,395.9319363,0
Comoros,2000,59.5,375.8528566,0
Costa Rica,2015,79.6,1146.36273,0.775
Costa Rica,2014,79.5,1647.44179,0.768
Costa Rica,2013,79.4,1569.66631,0.762
Costa Rica,2012,79.2,9985.36959,0.758
Costa Rica,2011,79,9186.59639,0.752
Costa Rica,2010,78.1,8199.414621,0.749
Costa Rica,2009,79.2,689.396224,0.747
Costa Rica,2008,78.9,6911.136136,0.74
Costa Rica,2007,78.9,612.623418,0.734
Costa Rica,2006,78,5245.187372,0.727
Costa Rica,2005,78.6,4697.11135,0.723
Costa Rica,2004,77.7,4425.57467,0.719
Costa Rica,2003,78,4167.71417,0.715
Costa Rica,2002,78.3,462.14965,0.712
Costa Rica,2001,77.5,3981.52847,0.708
Costa Rica,2000,77.6,388.363689,0.702
Croatia,2015,78,11579.6674,0.823
Croatia,2014,77.8,13467.46827,0.82
Croatia,2013,77.7,13574.749,0.817
Croatia,2012,77.1,13235.97757,0.815
Croatia,2011,77,14539.18421,0.808
Croatia,2010,76.6,1355.74586,0.803
Croatia,2009,76.3,14157.14416,0.803
Croatia,2008,76,15893.8656,0.8
Croatia,2007,75.8,13546.69872,0.793
Croatia,2006,75.9,11363.41845,0.783
Croatia,2005,75.2,1224.2459,0.777
Croatia,2004,75.4,9365.742468,0.771
Croatia,2003,74.7,785.881418,0.765
Croatia,2002,74.8,653.71637,0.759
Croatia,2001,74.9,5245.421419,0.749
Croatia,2000,74.7,4919.62869,0.739
Cuba,2015,79.1,762.261218,0.773
Cuba,2014,79,75.5199,0.772
Cuba,2013,78.7,676.15344,0.773
Cuba,2012,78.7,6425.941119,0.778
Cuba,2011,78.8,675.92436,0.78
Cuba,2010,78,5676.14143,0.784
Cuba,2009,78.1,5484.7763,0.782
Cuba,2008,77.9,5376.447622,0.771
Cuba,2007,78.1,5184.494227,0.754
Cuba,2006,78,4669.6916,0.732
Cuba,2005,77.2,3779.577,0.719
Cuba,2004,77.3,339.716256,0.705
Cuba,2003,77.4,3192.669378,0.694
Cuba,2002,77.7,2994.339988,0.692
Cuba,2001,76.7,2832.188893,0.686
Cuba,2000,76.9,2741.11542,0.679
Cyprus,2015,85,2375.1127,0.854
Cyprus,2014,83,2734.88382,0.85
Cyprus,2013,81,2797.96736,0.85
Cyprus,2012,80,28951.15556,0.85
Cyprus,2011,79.7,32233.83942,0.847
Cyprus,2010,79.5,3818.46396,0.853
Cyprus,2009,79.3,3215.8159,0.849
Cyprus,2008,79.1,3539.7488,0.844
Cyprus,2007,78.9,31386.63265,0.836
Cyprus,2006,78.8,27169.99256,0.829
Cyprus,2005,78.7,25324.48666,0.826
Cyprus,2004,78.6,23932.49128,0.823
Cyprus,2003,78.5,2293.4789,0.815
Cyprus,2002,78.4,16372.29152,0.805
Cyprus,2001,78.2,1562.92433,0.8
Cyprus,2000,78.1,14672.8826,0.798
Denmark,2015,86,5314.64416,0.923
Denmark,2014,84,62425.5392,0.926
Denmark,2013,81,61191.19263,0.924
Denmark,2012,80,5857.521,0.922
Denmark,2011,79.7,61753.667,0.91
Denmark,2010,79.2,5841.41122,0.906
Denmark,2009,78.9,58163.29359,0.906
Denmark,2008,78.8,64322.6664,0.906
Denmark,2007,78.4,58487.451,0.904
Denmark,2006,78.1,5226.99311,0.902
Denmark,2005,78.1,48799.8237,0.897
Denmark,2004,77.7,46511.6457,0.893
Denmark,2003,77.3,4458.7764,0.882
Denmark,2002,77,33228.69291,0.875
Denmark,2001,77,3751.64946,0.862
Denmark,2000,76.9,3743.55917,0.86
Djibouti,2015,63.5,1862.167274,0.47
Djibouti,2014,63,174.91511,0.467
Djibouti,2013,62.7,1622.637974,0.464
Djibouti,2012,62.2,1536.15685,0.46
Djibouti,2011,61.8,143.986898,0.451
Djibouti,2010,61.3,1325.99724,0.441
Djibouti,2009,69,1253.657431,0.436
Djibouti,2008,62,1214.77118,0.427
Djibouti,2007,59.8,147.586896,0.416
Djibouti,2006,59.1,965.6693779,0.405
Djibouti,2005,58.6,94.7297489,0.396
Djibouti,2004,58.1,864.184726,0.388
Djibouti,2003,58,819.974118,0.378
Djibouti,2002,57.9,792.15412,0.372
Djibouti,2001,57.7,781.2322196,0.363
Djibouti,2000,57.4,768.176767,0.361
Dominican Republic,2015,73.9,6468.471648,0.718
Dominican Republic,2014,73.6,6268.692122,0.712
Dominican Republic,2013,73.4,627.55544,0.709
Dominican Republic,2012,72.1,5968.876767,0.706
Dominican Republic,2011,73.1,5759.643,0.703
Dominican Republic,2010,72.7,5451.6696,0.697
Dominican Republic,2009,73.6,4952.67753,0.695
Dominican Republic,2008,73.3,511.37937,0.692
Dominican Republic,2007,72.9,4647.31359,0.685
Dominican Republic,2006,72.3,3836.468771,0.677
Dominican Republic,2005,69.7,3681.5993,0.668
Dominican Republic,2004,69.3,2421.9662,0.666
Dominican Republic,2003,73,2372.628827,0.665
Dominican Republic,2002,71.4,38.46578,0.66
Dominican Republic,2001,71.2,2862.154836,0.656
Dominican Republic,2000,72,282.4242,0.651
Ecuador,2015,76.2,625.62224,0.739
Ecuador,2014,76,6432.216537,0.737
Ecuador,2013,76,674.9829,0.725
Ecuador,2012,75.5,572.14313,0.717
Ecuador,2011,75.3,5223.351763,0.71
Ecuador,2010,75,4657.32361,0.703
Ecuador,2009,75.1,4255.56571,0.702
Ecuador,2008,74.6,4274.95265,0.698
Ecuador,2007,74.7,359.71886,0.696
Ecuador,2006,74.4,335.786541,0.693
Ecuador,2005,74.2,321.942547,0.688
Ecuador,2004,74.4,278.557892,0.682
Ecuador,2003,74.4,244.46898,0.679
Ecuador,2002,73.6,2183.966796,0.675
Ecuador,2001,73.4,193.741571,0.67
Ecuador,2000,72.8,1451.29776,0.668
El Salvador,2015,73.5,4127.11775,0.678
El Salvador,2014,73.3,3988.771871,0.676
El Salvador,2013,73,3895.664491,0.675
El Salvador,2012,73,3827.786267,0.67
El Salvador,2011,72,3736.58713,0.666
El Salvador,2010,72,3474.392445,0.662
El Salvador,2009,71.4,3366.482133,0.662
El Salvador,2008,71.7,357.347674,0.659
El Salvador,2007,71.2,334.83817,0.657
El Salvador,2006,75,362.951768,0.651
El Salvador,2005,71,2835.281237,0.644
El Salvador,2004,70,2632.79942,0.636
El Salvador,2003,69.9,2519.737387,0.628
El Salvador,2002,73,248.4125,0.621
El Salvador,2001,68.9,2338.772244,0.615
El Salvador,2000,69,2238.4116,0.607
Equatorial Guinea,2015,58.2,1347.31257,0.582
Equatorial Guinea,2014,57.9,192.59733,0.582
Equatorial Guinea,2013,57.4,2246.9938,0.586
Equatorial Guinea,2012,56.7,21557.6528,0.583
Equatorial Guinea,2011,56.2,21451.88617,0.58
Equatorial Guinea,2010,56.1,17136.44568,0.589
Equatorial Guinea,2009,55.7,1653.2937,0.59
Equatorial Guinea,2008,55.4,22742.38159,0.592
Equatorial Guinea,2007,55,15761.83913,0.587
Equatorial Guinea,2006,54.8,12732.2759,0.569
Equatorial Guinea,2005,54.4,185.63334,0.563
Equatorial Guinea,2004,54.1,685.34897,0.553
Equatorial Guinea,2003,53.8,3577.176197,0.554
Equatorial Guinea,2002,53.5,2711.17114,0.542
Equatorial Guinea,2001,53.1,2283.87939,0.527
Equatorial Guinea,2000,52.7,172.68491,0
Eritrea,2011,62.9,582.775532,0.405
Eritrea,2010,62.1,482.14994,0.404
Eritrea,2009,61.4,43.7544499,0.402
Eritrea,2008,67,326.825642,0.406
Eritrea,2007,62,317.3294336,0.405
Eritrea,2006,59.7,297.828588,0.405
Eritrea,2005,59.4,276.75896,0
Eritrea,2004,59.1,287.4222243,0
Eritrea,2003,58.8,232.7945459,0
Eritrea,2002,58.5,21.7687981,0
Eritrea,2001,58.1,215.139213,0
Eritrea,2000,45.3,28.1969487,0
Estonia,2015,77.6,1774.9291,0.863
Estonia,2014,77.3,19941.45532,0.86
Estonia,2013,76.9,1929.7746,0.856
Estonia,2012,76.3,17421.8922,0.85
Estonia,2011,76.1,17454.84342,0.838
Estonia,2010,75.6,14638.6482,0.833
Estonia,2009,74.9,14726.31828,0.836
Estonia,2008,74.2,1894.5485,0.835
Estonia,2007,73,16586.452,0.829
Estonia,2006,73,12595.4165,0.822
Estonia,2005,72.8,1338.31322,0.812
Estonia,2004,72.3,885.465115,0.805
Estonia,2003,71.9,7174.237415,0.798
Estonia,2002,71.2,538.347781,0.791
Estonia,2001,78,4498.95727,0.781
Estonia,2000,78,47.32827,0.764
Ethiopia,2015,64.8,645.4637627,0.441
Ethiopia,2014,64.2,571.1622759,0.435
Ethiopia,2013,63.7,52.1535887,0.427
Ethiopia,2012,63.3,468.567249,0.422
Ethiopia,2011,62.6,354.8463544,0.411
Ethiopia,2010,61.8,341.39992,0.401
Ethiopia,2009,68,379.7566385,0.393
Ethiopia,2008,59.8,325.3825543,0.378
Ethiopia,2007,58.5,243.326822,0.362
Ethiopia,2006,57.2,193.794956,0.346
Ethiopia,2005,56,161.6266248,0.325
Ethiopia,2004,55,135.7623858,0.31
Ethiopia,2003,54,118.8734466,0.306
Ethiopia,2002,53.2,111.3634356,0.298
Ethiopia,2001,52.5,12.1789279,0.283
Ethiopia,2000,51.2,123.876257,0
Fiji,2015,69.9,4921.89629,0.734
Fiji,2014,69.7,546.3728,0.727
Fiji,2013,69.6,4763.68956,0.719
Fiji,2012,69.4,4546.73854,0.714
Fiji,2011,69.2,4353.121392,0.709
Fiji,2010,69.1,3651.966784,0.706
Fiji,2009,68.9,3369.48247,0.704
Fiji,2008,68.7,4177.657789,0.7
Fiji,2007,68.6,478.82327,0.698
Fiji,2006,68.5,3749.939813,0.695
Fiji,2005,68.3,3658.63832,0.699
Fiji,2004,68.1,3332.918533,0.691
Fiji,2003,68,2835.973972,0.689
Fiji,2002,67.9,2259.55796,0.687
Fiji,2001,67.8,238.891729,0.683
Fiji,2000,67.7,276.1338,0.681
Finland,2015,81.1,4245.39744,0.893
Finland,2014,89,49914.61864,0.89
Finland,2013,87,49638.7713,0.887
Finland,2012,84,47415.55987,0.884
Finland,2011,83,579.72415,0.878
Finland,2010,79.9,4622.41516,0.874
Finland,2009,79.7,4717.15571,0.878
Finland,2008,79.6,5341.31487,0.876
Finland,2007,79.3,48288.5491,0.873
Finland,2006,79.2,4112.67651,0.869
Finland,2005,78.9,38969.17163,0.864
Finland,2004,78.7,37636.11173,0.869
Finland,2003,78.4,32816.1688,0.866
Finland,2002,78.1,26834.2625,0.863
Finland,2001,78,24913.24452,0.856
Finland,2000,77.5,24253.2542,0.847
France,2015,82.4,36526.7711,0.894
France,2014,82.2,42955.24287,0.89
France,2013,82,42554.1225,0.887
France,2012,81.5,4838.2444,0.885
France,2011,81.7,4381.288,0.882
France,2010,81.3,473.34279,0.879
France,2009,81.1,41631.13141,0.879
France,2008,89,45413.6571,0.877
France,2007,89,416.58397,0.873
France,2006,86,36544.5853,0.87
France,2005,81,34879.72633,0.86
France,2004,82,33874.74255,0.857
France,2003,79.3,29691.18158,0.852
France,2002,79.2,24275.2426,0.851
France,2001,79,22527.31775,0.849
France,2000,78.8,22465.64184,0.844
Gabon,2015,66,7388.984144,0.694
Gabon,2014,65.5,9692.163874,0.687
Gabon,2013,64.6,9679.742995,0.678
Gabon,2012,63.5,9774.18117,0.669
Gabon,2011,62.8,1716.2258,0.664
Gabon,2010,62.3,8754.113376,0.66
Gabon,2009,61.7,763.66223,0.652
Gabon,2008,61.6,194.2746,0.651
Gabon,2007,61.6,8352.81711,0.645
Gabon,2006,61.4,727.777345,0.646
Gabon,2005,65,6741.293948,0.64
Gabon,2004,59.7,5685.577736,0.64
Gabon,2003,59.7,4892.11618,0.638
Gabon,2002,59.7,412.55271,0.636
Gabon,2001,59.8,3976.14887,0.633
Gabon,2000,61,4116.46693,0.637
Georgia,2015,74.4,3764.64912,0.768
Georgia,2014,74.5,4429.6575,0.759
Georgia,2013,74.5,4274.376857,0.755
Georgia,2012,74.2,4142.869175,0.749
Georgia,2011,73.9,3725.63221,0.742
Georgia,2010,73.8,2964.47734,0.738
Georgia,2009,73.2,276.588512,0.734
Georgia,2008,73.9,3174.9491,0.735
Georgia,2007,74.4,2492.12878,0.722
Georgia,2006,73.9,1872.68416,0.714
Georgia,2005,73.9,153.57521,0.703
Georgia,2004,72.3,127.367228,0.694
Georgia,2003,72.7,928.18227,0.684
Georgia,2002,71.7,779.3845935,0.677
Georgia,2001,73,733.974142,0.673
Georgia,2000,71.8,691.997711,0
Germany,2015,81,41176.88158,0.924
Germany,2014,89,4792.65288,0.92
Germany,2013,86,4653.91143,0.919
Germany,2012,86,4465.24891,0.916
Germany,2011,85,4681.32796,0.912
Germany,2010,81,41785.55691,0.907
Germany,2009,80,41732.7725,0.906
Germany,2008,79.9,45699.19832,0.903
Germany,2007,79.8,41814.8191,0.898
Germany,2006,79.6,36447.87232,0.892
Germany,2005,79.2,34696.6292,0.884
Germany,2004,79.1,34165.9343,0.877
Germany,2003,78.5,3359.95215,0.872
Germany,2002,78.4,2525.16445,0.867
Germany,2001,78.3,23687.31689,0.86
Germany,2000,78,23718.7467,0.855
Ghana,2015,62.4,1361.11395,0.575
Ghana,2014,62.1,1432.227943,0.576
Ghana,2013,61.9,1814.492297,0.57
Ghana,2012,61.6,1629.8222,0.563
Ghana,2011,61.2,1574.978653,0.554
Ghana,2010,69,1312.67557,0.547
Ghana,2009,66,186.76538,0.542
Ghana,2008,63,1224.41554,0.53
Ghana,2007,59.9,19.686718,0.519
Ghana,2006,59.4,922.9351677,0.51
Ghana,2005,58.9,498.172394,0.499
Ghana,2004,58.3,423.1936389,0.491
Ghana,2003,57.9,373.2815537,0.489
Ghana,2002,57.6,39.484473,0.484
Ghana,2001,57.4,273.6596668,0.485
Ghana,2000,57.2,263.1124679,0.48
Greece,2015,81,187.78991,0.865
Greece,2014,88,21673.7817,0.862
Greece,2013,86,21874.8195,0.86
Greece,2012,84,22242.68193,0.858
Greece,2011,85,25916.29353,0.86
Greece,2010,83,26917.75898,0.859
Greece,2009,80,2971.973,0.857
Greece,2008,79.9,31997.2821,0.853
Greece,2007,79.4,28827.32636,0.855
Greece,2006,79.7,2481.15781,0.85
Greece,2005,79.3,22551.73574,0.839
Greece,2004,79.2,21955.149,0.83
Greece,2003,79.1,18477.57841,0.823
Greece,2002,79,1411.31339,0.811
Greece,2001,78.7,12538.17883,0.801
Greece,2000,78.2,1242.95373,0.794
Grenada,2015,73.6,9212.192824,0.751
Grenada,2014,73.5,8569.776998,0.749
Grenada,2013,73.3,7955.615985,0.746
Grenada,2012,73.1,7583.1872,0.744
Grenada,2011,72.9,741.48438,0.741
Grenada,2010,72.6,7365.666659,0
Grenada,2009,72.4,7395.88125,0
Grenada,2008,72.1,7946.944346,0
Grenada,2007,71.9,7322.596862,0
Grenada,2006,71.7,6764.722867,0
Grenada,2005,71.5,6754.512393,0
Grenada,2004,73,5836.17763,0
Grenada,2003,71.1,5773.73577,0
Grenada,2002,79,5292.232379,0
Grenada,2001,77,519.958715,0
Grenada,2000,74,5117.589923,0
Guatemala,2015,71.9,3923.573344,0.637
Guatemala,2014,71.7,3687.763767,0.614
Guatemala,2013,71.4,3452.828934,0.611
Guatemala,2012,71.3,3299.65139,0.616
Guatemala,2011,71.1,3187.845296,0.609
Guatemala,2010,77,2825.5247,0.602
Guatemala,2009,76,2635.753474,0.596
Guatemala,2008,79,2794.22189,0.589
Guatemala,2007,75,2489.955836,0.578
Guatemala,2006,69.7,2256.56724,0.57
Guatemala,2005,69.2,277.83438,0.567
Guatemala,2004,69.6,1872.73783,0.564
Guatemala,2003,69.4,1753.349471,0.56
Guatemala,2002,69.3,171.771491,0.553
Guatemala,2001,68.4,1568.376276,0.546
Guatemala,2000,67.7,1655.596261,0.539
Guinea,2015,59,554.48766,0.414
Guinea,2014,58.1,561.997387,0.412
Guinea,2013,58.8,54.169324,0.406
Guinea,2012,58.4,52.3485646,0.396
Guinea,2011,58.1,459.2912,0.385
Guinea,2010,57.8,438.7513346,0.38
Guinea,2009,57.3,436.6895539,0.376
Guinea,2008,56.8,437.4467238,0.371
Guinea,2007,56.4,49.456775,0.364
Guinea,2006,55.6,296.68382,0.356
Guinea,2005,54.7,33.424498,0.346
Guinea,2004,54,386.3288283,0.325
Guinea,2003,53.3,37.1931781,0.338
Guinea,2002,52.9,322.811171,0.329
Guinea,2001,52.5,315.83983,0.322
Guinea,2000,52.5,34.516918,0.316
Guinea-Bissau,2015,58.9,596.8717189,0.421
Guinea-Bissau,2014,58.4,642.6256154,0.419
Guinea-Bissau,2013,58.1,61.566347,0.415
Guinea-Bissau,2012,57.6,67.7518833,0.416
Guinea-Bissau,2011,57.1,692.69989,0.41
Guinea-Bissau,2010,56.7,543.957418,0.405
Guinea-Bissau,2009,56.3,544.222779,0.401
Guinea-Bissau,2008,55.6,583.5445622,0.398
Guinea-Bissau,2007,55,481.694976,0.394
Guinea-Bissau,2006,54.4,418.94454,0.388
Guinea-Bissau,2005,53.9,424.9534585,0
Guinea-Bissau,2004,53.5,393.3138244,0
Guinea-Bissau,2003,53,36.5718585,0
Guinea-Bissau,2002,52.8,321.481324,0
Guinea-Bissau,2001,52.5,39.486749,0
Guinea-Bissau,2000,52.1,297.7519443,0
Guyana,2015,66.2,4136.689919,0.638
Guyana,2014,66,43.82321,0.636
Guyana,2013,65.9,3944.178173,0.633
Guyana,2012,65.8,3785.935665,0.63
Guyana,2011,65.6,3439.597513,0.624
Guyana,2010,65.9,326.281212,0.618
Guyana,2009,66.1,2716.35256,0.618
Guyana,2008,66.3,2576.124957,0.618
Guyana,2007,65.7,2327.58324,0.62
Guyana,2006,65.2,1945.6395,0.622
Guyana,2005,65,198.455216,0.619
Guyana,2004,65.1,145.58861,0.613
Guyana,2003,65.3,986.7958173,0.611
Guyana,2002,65.3,96.8674827,0.609
Guyana,2001,65.4,925.582546,0.606
Guyana,2000,65.4,946.599372,0.602
Haiti,2015,63.5,814.5463952,0.49
Haiti,2014,63.1,83.1148117,0.487
Haiti,2013,62.7,81.265673,0.483
Haiti,2012,62.3,766.8437623,0.477
Haiti,2011,62.3,74.9358452,0.47
Haiti,2010,36.3,662.2795182,0.47
Haiti,2009,62.5,668.297646,0.466
Haiti,2008,62.1,674.7564147,0.462
Haiti,2007,61.8,615.8198192,0.458
Haiti,2006,61.1,55.47626,0.455
Haiti,2005,65,465.311876,0.452
Haiti,2004,58.7,387.9429725,0.45
Haiti,2003,59.7,329.782946,0.447
Haiti,2002,59.3,393.16327,0.444
Haiti,2001,58.9,413.7383164,0.443
Haiti,2000,58.6,462.486524,0.439
Honduras,2015,74.6,2326.15856,0.623
Honduras,2014,74.5,2242.711912,0.618
Honduras,2013,74.3,2136.77395,0.614
Honduras,2012,74.1,2178.38325,0.614
Honduras,2011,73.9,212.584798,0.611
Honduras,2010,73.6,1932.85829,0.606
Honduras,2009,73.4,1815.489496,0.603
Honduras,2008,73.2,1751.595857,0.597
Honduras,2007,73,1592.572182,0.59
Honduras,2006,72.8,1437.628785,0.583
Honduras,2005,72.5,1311.741714,0.577
Honduras,2004,72.2,1217.657961,0.571
Honduras,2003,71.9,1157.3427,0.566
Honduras,2002,71.6,1132.8721,0.561
Honduras,2001,71.3,113.4546,0.557
Honduras,2000,71,188.783165,0.551
Hungary,2015,75.8,12365.6263,0.834
Hungary,2014,75.6,14117.97668,0.834
Hungary,2013,75.5,13613.6147,0.824
Hungary,2012,75,12834.32349,0.823
Hungary,2011,74.8,1448.87958,0.821
Hungary,2010,74.5,1325.53379,0.817
Hungary,2009,74.2,12967.16543,0.816
Hungary,2008,74.1,15669.25929,0.812
Hungary,2007,73.5,13842.6549,0.809
Hungary,2006,73.4,11398.76584,0.802
Hungary,2005,72.9,11161.72441,0.795
Hungary,2004,72.9,1259.5266,0.793
Hungary,2003,72.5,8396.25323,0.784
Hungary,2002,72.5,665.6443,0.775
Hungary,2001,72.3,527.85364,0.769
Hungary,2000,71.7,4623.46712,0.761
Iceland,2015,82.7,5734.4436,0.919
Iceland,2014,82.5,52473.11356,0.915
Iceland,2013,82.4,4781.3888,0.907
Iceland,2012,82.5,44333.8518,0.901
Iceland,2011,82.1,46.217,0.894
Iceland,2010,81.8,41676.44527,0.894
Iceland,2009,81.6,4461.89251,0.894
Iceland,2008,81.4,55575.29196,0.892
Iceland,2007,81.3,68348.31817,0.887
Iceland,2006,81.1,5613.54115,0.884
Iceland,2005,81,56249.7555,0.879
Iceland,2004,88,46917.27216,0.873
Iceland,2003,87,3944.999,0.866
Iceland,2002,84,31996.2172,0.859
Iceland,2001,80,28585.9254,0.854
Iceland,2000,79.7,31813.37344,0.847
India,2015,68.3,1613.18878,0.615
India,2014,68,1573.11889,0.607
India,2013,67.6,1452.195373,0.599
India,2012,67.3,1446.98541,0.59
India,2011,66.8,1461.671957,0.58
India,2010,66.4,1345.77153,0.569
India,2009,66,19.317765,0.563
India,2008,65.5,991.484634,0.556
India,2007,65.2,118.166373,0.546
India,2006,64.8,792.259698,0.536
India,2005,64.4,77.819,0.526
India,2004,64,621.3183767,0.518
India,2003,63.7,541.1352279,0.505
India,2002,63.3,466.2842,0.499
India,2001,62.9,447.138966,0.494
India,2000,62.5,438.864634,0.489
Indonesia,2015,69.1,3336.16686,0.686
Indonesia,2014,68.9,3491.595887,0.682
Indonesia,2013,68.7,362.663981,0.677
Indonesia,2012,68.5,3687.953996,0.669
Indonesia,2011,68.3,3634.27685,0.662
Indonesia,2010,68.1,3113.48635,0.656
Indonesia,2009,67.9,2254.44566,0.645
Indonesia,2008,67.7,216.52766,0.641
Indonesia,2007,67.5,1855.93915,0.638
Indonesia,2006,67.3,1586.254,0.632
Indonesia,2005,67.2,126.928834,0.629
Indonesia,2004,65.3,1148.56996,0.624
Indonesia,2003,66.9,164.59447,0.613
Indonesia,2002,66.7,899.5556857,0.608
Indonesia,2001,66.5,747.9817455,0.604
Indonesia,2000,66.3,78.92744,0.597
Iraq,2015,68.9,4974.2693,0.649
Iraq,2014,67.9,673.74737,0.658
Iraq,2013,69.5,6925.22446,0.659
Iraq,2012,76,6651.12242,0.656
Iraq,2011,77,5854.614497,0.649
Iraq,2010,76,452.74948,0.646
Iraq,2009,74,3735.144836,0.643
Iraq,2008,69.3,4521.3247,0.638
Iraq,2007,65.9,3129.224922,0.636
Iraq,2006,64.7,2351.812429,0.631
Iraq,2005,66.8,1849.63911,0.628
Iraq,2004,67.2,1391.816923,0.603
Ireland,2015,81.4,6664.144,0.92
Ireland,2014,81.2,5553.32623,0.91
Ireland,2013,81,5234.76736,0.902
Ireland,2012,85,49231.36254,0.895
Ireland,2011,84,52567.52568,0.909
Ireland,2010,86,48538.58776,0.907
Ireland,2009,79.7,51983.78892,0.909
Ireland,2008,79.8,61235.415,0.908
Ireland,2007,79.5,61388.17457,0.902
Ireland,2006,79,54326.9713,0.896
Ireland,2005,78.7,5886.82789,0.889
Ireland,2004,78.3,47631.6377,0.88
Ireland,2003,78,4117.15532,0.87
Ireland,2002,77.4,32539.1937,0.862
Ireland,2001,77,28223.55528,0.857
Ireland,2000,76.4,26241.91883,0.848
Israel,2015,82.5,35729.37253,0.898
Israel,2014,82.2,37582.84624,0.895
Israel,2013,82.1,36393.66932,0.891
Israel,2012,81.8,32569.59683,0.889
Israel,2011,81.8,33657.15727,0.883
Israel,2010,81.7,3661.994,0.878
Israel,2009,81.5,27795.87671,0.876
Israel,2008,81,29657.4421,0.877
Israel,2007,84,258.637,0.872
Israel,2006,84,2195.1769,0.87
Israel,2005,80,2611.17931,0.866
Israel,2004,81,19888.172,0.863
Israel,2003,79.7,18946.99942,0.863
Israel,2002,79.3,18431.15696,0.855
Israel,2001,79.3,236.19646,0.85
Israel,2000,78.9,2152.1432,0.845
Italy,2015,82.7,349.14755,0.881
Italy,2014,82.5,35396.66517,0.877
Italy,2013,82.3,3537.27441,0.876
Italy,2012,82,34814.12436,0.877
Italy,2011,82,38334.68477,0.872
Italy,2010,81.8,35849.37364,0.869
Italy,2009,81.6,36976.84512,0.868
Italy,2008,81.5,464.18465,0.866
Italy,2007,81.3,37698.78573,0.862
Italy,2006,81.2,3341.7482,0.856
Italy,2005,88,31959.26215,0.851
Italy,2004,89,31174.56118,0.846
Italy,2003,79.9,27387.2258,0.841
Italy,2002,80,22196.5736,0.836
Italy,2001,79.8,24.819,0.828
Italy,2000,79.4,251.2426,0.823
Jamaica,2015,76.2,4965.989857,0.729
Jamaica,2014,75.8,4855.743789,0.727
Jamaica,2013,75.6,56.144952,0.727
Jamaica,2012,75.3,521.33363,0.725
Jamaica,2011,75.2,513.549487,0.722
Jamaica,2010,75,4682.728424,0.721
Jamaica,2009,74.7,4293.383274,0.721
Jamaica,2008,74.5,492.492378,0.718
Jamaica,2007,74.2,462.517913,0.714
Jamaica,2006,74,4313.1682,0.709
Jamaica,2005,73.5,482.24762,0.706
Jamaica,2004,73.3,3719.97351,0.689
Jamaica,2003,73.1,3465.221998,0.694
Jamaica,2002,73,3596.496282,0.69
Jamaica,2001,72.7,3394.878,0.68
Jamaica,2000,72.6,336.8742,0.682
Japan,2015,83.7,34474.13736,0.902
Japan,2014,83.5,3896.21151,0.899
Japan,2013,83.5,4454.44746,0.894
Japan,2012,83.3,4863.47665,0.889
Japan,2011,82.5,48167.99727,0.884
Japan,2010,83,4457.67639,0.879
Japan,2009,83,4855.17564,0.881
Japan,2008,82.7,39339.29757,0.88
Japan,2007,82.6,35275.22843,0.877
Japan,2006,82.4,35433.98896,0.873
Japan,2005,82,37217.64873,0.87
Japan,2004,82.1,37688.72234,0.866
Japan,2003,81.9,3488.3992,0.863
Japan,2002,81.8,32289.3554,0.86
Japan,2001,81.5,33846.46564,0.856
Japan,2000,81.1,38532.488,0.852
Jordan,2015,74.1,496.99275,0.741
Jordan,2014,74,466.94775,0.737
Jordan,2013,73.9,3992.86717,0.737
Jordan,2012,73.7,387.753211,0.735
Jordan,2011,73.6,387.324145,0.737
Jordan,2010,73.4,3679.19275,0.739
Jordan,2009,73.3,3492.1396,0.742
Jordan,2008,73.1,3385.69665,0.739
Jordan,2007,73,2762.86354,0.736
Jordan,2006,72.8,2537.349,0.733
Jordan,2005,72.4,223.83787,0.73
Jordan,2004,72.5,261.456882,0.723
Jordan,2003,72.3,1889.213962,0.717
Jordan,2002,72.1,1812.288374,0.712
Jordan,2001,71.9,1728.2659,0.706
Jordan,2000,71.7,1657.889256,0.7
Kazakhstan,2015,72,159.9817,0.793
Kazakhstan,2014,69.9,1286.56511,0.789
Kazakhstan,2013,69.5,1389.8561,0.782
Kazakhstan,2012,69.1,12387.18982,0.774
Kazakhstan,2011,68.5,11634.42422,0.766
Kazakhstan,2010,67.8,97.649972,0.763
Kazakhstan,2009,67.8,7165.2775,0.758
Kazakhstan,2008,66.6,8513.564645,0.758
Kazakhstan,2007,65.3,6771.414797,0.754
Kazakhstan,2006,65,5291.57565,0.747
Kazakhstan,2005,64.6,3771.278957,0.737
Kazakhstan,2004,64.7,2874.288291,0.725
Kazakhstan,2003,64.4,268.123657,0.714
Kazakhstan,2002,64.7,1658.31146,0.7
Kazakhstan,2001,64.4,149.926751,0.685
Kazakhstan,2000,63.9,1229.958,0.676
Kenya,2015,63.4,1349.97144,0.55
Kenya,2014,62.9,1335.6458,0.546
Kenya,2013,62.6,1229.114798,0.541
Kenya,2012,62.1,1155.2582,0.536
Kenya,2011,61.2,987.4453967,0.53
Kenya,2010,63,967.34773,0.523
Kenya,2009,59.1,92.816252,0.514
Kenya,2008,57.9,916.8992515,0.506
Kenya,2007,56.8,839.181117,0.494
Kenya,2006,55.3,697.66385,0.483
Kenya,2005,54.1,519.7999346,0.474
Kenya,2004,53,458.8843551,0.461
Kenya,2003,52.4,436.6875357,0.45
Kenya,2002,52.1,395.8493511,0.451
Kenya,2001,51.9,41.7763612,0.447
Kenya,2000,51.9,43.9797132,0.448
Kiribati,2015,66.3,1424.483611,0.586
Kiribati,2014,66.1,1684.54274,0.597
Kiribati,2013,65.8,1724.361737,0.589
Kiribati,2012,65.7,1763.815497,0.581
Kiribati,2011,65.5,1692.613277,0.585
Kiribati,2010,65.3,1493.1651,0.584
Kiribati,2009,65.2,1297.285141,0.576
Kiribati,2008,65.1,1413.3234,0.572
Kiribati,2007,65,1357.632211,0.574
Kiribati,2006,65,1151.555618,0.576
Kiribati,2005,64.9,1214.556667,0
Kiribati,2004,64.8,113.6286,0
Kiribati,2003,64.7,115.3865,0
Kiribati,2002,64.6,826.58554,0
Kiribati,2001,64.3,734.9492461,0
Kiribati,2000,64.1,796.7937634,0
Kuwait,2015,74.7,28975.418,0.799
Kuwait,2014,74.6,42996.4812,0.787
Kuwait,2013,74.5,48399.9581,0.796
Kuwait,2012,74.3,51264.7134,0.794
Kuwait,2011,74.2,48268.5912,0.792
Kuwait,2010,74,38497.61696,0.79
Kuwait,2009,73.9,37567.3121,0.788
Kuwait,2008,73.8,55571.9986,0.787
Kuwait,2007,73.7,45793.97614,0.787
Kuwait,2006,73.6,42717.55725,0.787
Kuwait,2005,73.6,3549.26132,0.789
Kuwait,2004,73.5,26921.8278,0.791
Kuwait,2003,73.4,2271.56961,0.788
Kuwait,2002,73.3,17789.41981,0.785
Kuwait,2001,73.2,1654.96761,0.786
Kuwait,2000,73.2,18389.38433,0.786
Latvia,2015,74.6,13666.58336,0.828
Latvia,2014,74.4,15725.1374,0.822
Latvia,2013,74.1,1532.22924,0.814
Latvia,2012,73.8,13822.8559,0.812
Latvia,2011,73.6,1372.68947,0.81
Latvia,2010,72.8,11326.21947,0.815
Latvia,2009,72.6,12219.37379,0.821
Latvia,2008,71.9,16348.53121,0.819
Latvia,2007,78,1444.1589,0.814
Latvia,2006,75,9667.9757,0.807
Latvia,2005,76,7558.7426,0.791
Latvia,2004,71,6351.8125,0.776
Latvia,2003,78,5134.95694,0.761
Latvia,2002,73,4132.34927,0.746
Latvia,2001,69.9,3572.8513,0.728
Latvia,2000,71,3352.731296,0.716
Lebanon,2015,74.9,846.632851,0.763
Lebanon,2014,74.8,8161.4614,0.763
Lebanon,2013,74.9,846.285153,0.766
Lebanon,2012,75,8787.94668,0.763
Lebanon,2011,75,8734.9653,0.758
Lebanon,2010,74.9,8763.826274,0.752
Lebanon,2009,74.7,84.268878,0.746
Lebanon,2008,74.5,712.775759,0.74
Lebanon,2007,74.4,614.271115,0.731
Lebanon,2006,74.1,5372.65899,0.733
Lebanon,2005,73.9,5339.441291,0
Lebanon,2004,73.7,5424.22356,0
Lebanon,2003,73.5,5425.6697,0
Lebanon,2002,73.2,5436.595223,0
Lebanon,2001,73,5253.122599,0
Lebanon,2000,72.7,5334.93329,0
Lesotho,2015,53.7,173.82893,0.495
Lesotho,2014,52.1,1174.839214,0.491
Lesotho,2013,52.1,1196.1335,0.484
Lesotho,2012,52.2,1281.516,0.479
Lesotho,2011,52.3,1352.38433,0.469
Lesotho,2010,51.1,1173.26212,0.464
Lesotho,2009,49.4,923.136931,0.453
Lesotho,2008,47.8,934.428563,0.447
Lesotho,2007,46.2,918.432717,0.44
Lesotho,2006,45.3,915.775754,0.437
Lesotho,2005,44.5,862.9463118,0.437
Lesotho,2004,44.8,781.5145936,0.439
Lesotho,2003,45.5,63.636279,0.44
Lesotho,2002,46.4,47.89395,0.446
Lesotho,2001,47.8,437.819184,0.443
Lesotho,2000,49.3,474.8197876,0.445
Liberia,2015,61.4,452.38717,0.427
Liberia,2014,58.1,458.4651734,0.426
Liberia,2013,61.1,454.1222236,0.419
Liberia,2012,67,415.361958,0.416
Liberia,2011,62,379.689583,0.406
Liberia,2010,59.7,327.42597,0.403
Liberia,2009,59.2,33.667491,0.4
Liberia,2008,58.6,232.61732,0.394
Liberia,2007,57.9,21.3733292,0.383
Liberia,2006,56.7,178.92799,0.377
Liberia,2005,55.3,168.648254,0.372
Liberia,2004,54,149.4452549,0.335
Liberia,2003,50,133.494518,0.373
Liberia,2002,56,177.285187,0.376
Liberia,2001,51.5,174.1815473,0.386
Liberia,2000,51.9,183.4149991,0.338
Libya,2011,71.3,562.549434,0.756
Libya,2010,72.8,1212.56217,0.755
Libya,2009,72.7,1296.97353,0.757
Libya,2008,72.6,14396.4865,0.757
Libya,2007,72.5,1138.56661,0.756
Libya,2006,72.2,9344.987518,0.752
Libya,2005,71.9,8171.361651,0.748
Libya,2004,71.5,586.8364,0.747
Libya,2003,71.3,4676.96753,0.74
Libya,2002,71.1,375.442638,0.736
Libya,2001,71,6269.58123,0.732
Libya,2000,78,7145.628494,0.727
Lithuania,2015,73.6,14252.42853,0.846
Lithuania,2014,73.4,16554.97139,0.841
Lithuania,2013,73,15712.82376,0.834
Lithuania,2012,73,14341.836,0.83
Lithuania,2011,72.8,14357.73679,0.826
Lithuania,2010,72.4,11984.86857,0.824
Lithuania,2009,72.2,11837.3913,0.825
Lithuania,2008,71.1,14961.56818,0.82
Lithuania,2007,72,12297.91535,0.812
Lithuania,2006,76,924.642548,0.807
Lithuania,2005,78,7863.1629,0.798
Lithuania,2004,71.6,676.966998,0.792
Lithuania,2003,71.6,555.535669,0.78
Lithuania,2002,71.4,4146.987928,0.77
Lithuania,2001,71.2,353.147337,0.757
Lithuania,2000,71.6,3297.35471,0.745
Luxembourg,2015,82,1199.8223,0.896
Luxembourg,2014,81.7,119172.7418,0.892
Luxembourg,2013,81.4,113751.85,0.892
Luxembourg,2012,81.1,16749.136,0.892
Luxembourg,2011,88,115761.577,0.894
Luxembourg,2010,86,14965.361,0.884
Luxembourg,2009,83,13198.6693,0.888
Luxembourg,2008,80,114293.8433,0.887
Luxembourg,2007,79.7,1618.4928,0.877
Luxembourg,2006,79.4,89739.7117,0.88
Luxembourg,2005,78.8,8289.69641,0.874
Luxembourg,2004,78.7,75716.3518,0.867
Luxembourg,2003,78.6,65445.8853,0.865
Luxembourg,2002,78.3,5293.64115,0.86
Luxembourg,2001,78,48179.4285,0.854
Luxembourg,2000,77.8,48735.99549,0.848
Madagascar,2015,65.5,41.8575951,0.511
Madagascar,2014,65.1,452.4631926,0.509
Madagascar,2013,64.7,461.723722,0.508
Madagascar,2012,64.3,443.9611,0.506
Madagascar,2011,63.8,454.963464,0.504
Madagascar,2010,63.3,412.739341,0.503
Madagascar,2009,62.8,415.6893226,0.5
Madagascar,2008,62.3,47.733254,0.491
Madagascar,2007,61.9,377.8482928,0.483
Madagascar,2006,61.4,292.157443,0.478
Madagascar,2005,69,274.819723,0.473
Madagascar,2004,64,245.1235876,0.466
Madagascar,2003,59.9,316.7998965,0.457
Madagascar,2002,59.3,262.2859481,0.462
Madagascar,2001,58.7,278.555732,0.456
Madagascar,2000,57.9,245.939659,0
Malawi,2015,58.3,362.6575444,0.473
Malawi,2014,57.6,354.7253961,0.466
Malawi,2013,56.7,332.922339,0.459
Malawi,2012,55.3,374.51882,0.454
Malawi,2011,54.1,512.125451,0.444
Malawi,2010,52.9,458.8681744,0.43
Malawi,2009,51.5,42.7379657,0.415
Malawi,2008,50,372.842678,0.4
Malawi,2007,48.5,32.2227274,0.387
Malawi,2006,47.1,297.6971211,0.377
Malawi,2005,46,28.3673842,0.371
Malawi,2004,45.1,274.2256294,0.366
Malawi,2003,44.6,26.152517,0.362
Malawi,2002,44,29.9798977,0.388
Malawi,2001,43.5,146.7615397,0.387
Malawi,2000,43.1,153.2594872,0.391
Malaysia,2015,75,9643.644683,0.787
Malaysia,2014,74.8,11183.96191,0.783
Malaysia,2013,74.6,1882.27842,0.779
Malaysia,2012,74.5,1779.49641,0.776
Malaysia,2011,74.3,145.1262,0.774
Malaysia,2010,74.1,971.356987,0.764
Malaysia,2009,74,7326.744435,0.756
Malaysia,2008,73.8,8513.629541,0.747
Malaysia,2007,73.7,7269.17114,0.736
Malaysia,2006,73.6,6222.982955,0.732
Malaysia,2005,73.4,5593.822995,0.734
Malaysia,2004,73.2,4955.477743,0.731
Malaysia,2003,73.1,4463.675893,0.724
Malaysia,2002,72.9,4167.364387,0.723
Malaysia,2001,72.7,3915.11546,0.725
Malaysia,2000,72.4,445.17471,0.715
Maldives,2015,78.5,8395.785198,0.701
Maldives,2014,78.2,7716.2415,0.693
Maldives,2013,77.9,7112.33575,0.683
Maldives,2012,77.6,6541.7465,0.675
Maldives,2011,77.3,6497.55443,0.663
Maldives,2010,76.7,633.79498,0.653
Maldives,2009,76.3,597.1659,0.651
Maldives,2008,75.9,5828.621374,0.641
Maldives,2007,75.4,52.862285,0.632
Maldives,2006,75,4428.522898,0.622
Maldives,2005,74.3,3488.493769,0.625
Maldives,2004,73.4,3853.33348,0.617
Maldives,2003,72.7,3432.247841,0.601
Maldives,2002,71.8,32.37239,0.597
Maldives,2001,78,298.67598,0.587
Maldives,2000,69.6,2182.99711,0.577
Mali,2015,58.2,729.725338,0.438
Mali,2014,57.8,825.5729915,0.43
Mali,2013,57.3,777.659139,0.421
Mali,2012,57.2,777.3476868,0.411
Mali,2011,56.8,835.88998,0.404
Mali,2010,56.5,78.377632,0.396
Mali,2009,56,697.153124,0.385
Mali,2008,55.5,689.6784228,0.36
Mali,2007,55,595.6368319,0.363
Mali,2006,54.3,521.6425796,0.35
Mali,2005,53.6,487.942556,0.338
Mali,2004,52.8,439.3572924,0.333
Mali,2003,52,391.791281,0.318
Mali,2002,51.2,334.22416,0.308
Mali,2001,55,36.8473237,0.297
Mali,2000,49.8,269.3483829,0.291
Malta,2015,81.7,23819.4636,0.853
Malta,2014,81.4,2618.92599,0.847
Malta,2013,81.1,2393.1888,0.828
Malta,2012,81,2193.8836,0.821
Malta,2011,87,22821.847,0.826
Malta,2010,83,2187.79469,0.819
Malta,2009,82,2675.58259,0.815
Malta,2008,80,21928.767,0.813
Malta,2007,79.6,19375.5696,0.808
Malta,2006,79.3,16671.5672,0.809
Malta,2005,79,15835.34667,0.805
Malta,2004,78.7,1519.5497,0.797
Malta,2003,78.5,13689.98999,0.79
Malta,2002,78.2,11843.9392,0.786
Malta,2001,77.8,1121.78636,0.783
Malta,2000,77.5,1139.5651,0.779
Mauritania,2015,63.1,1158.256469,0.513
Mauritania,2014,63,1326.66882,0.509
Mauritania,2013,62.7,145.57838,0.501
Mauritania,2012,62.5,1364.283745,0.491
Mauritania,2011,62.2,1393.261593,0.487
Mauritania,2010,62,123.383675,0.484
Mauritania,2009,61.7,146.83851,0.476
Mauritania,2008,61.4,1167.535689,0.475
Mauritania,2007,61.2,113.3128,0.475
Mauritania,2006,69,944.134851,0.466
Mauritania,2005,66,697.7451989,0.461
Mauritania,2004,64,62.547286,0.451
Mauritania,2003,63,528.586613,0.447
Mauritania,2002,62,46.9542322,0.446
Mauritania,2001,61,464.229758,0.444
Mauritania,2000,60,477.476124,0.443
Mauritius,2015,74.6,9252.11724,0.779
Mauritius,2014,74.2,1153.93822,0.769
Mauritius,2013,74.1,9637.265,0.765
Mauritius,2012,73.9,9291.227619,0.756
Mauritius,2011,73.6,9197.26972,0.748
Mauritius,2010,73.3,8.376432,0.74
Mauritius,2009,72.8,7318.12641,0.734
Mauritius,2008,72.7,83.635,0.728
Mauritius,2007,72.9,6574.654338,0.72
Mauritius,2006,71.8,5695.969327,0.713
Mauritius,2005,72.1,5116.45424,0.704
Mauritius,2004,71.9,5229.876738,0.696
Mauritius,2003,71.5,4623.347642,0.687
Mauritius,2002,71.5,3957.51296,0.683
Mauritius,2001,71.5,3792.182152,0.673
Mauritius,2000,71,3861.32414,0.667
Mexico,2015,76.7,9143.128494,0.758
Mexico,2014,76.6,1452.27766,0.754
Mexico,2013,76.6,1298.86766,0.753
Mexico,2012,76.3,982.532572,0.748
Mexico,2011,76.1,9834.472689,0.745
Mexico,2010,75.6,8959.581416,0.739
Mexico,2009,75.7,7748.12331,0.738
Mexico,2008,75.6,9689.52887,0.735
Mexico,2007,76,933.341687,0.731
Mexico,2006,75.8,8767.92258,0.723
Mexico,2005,75.3,7986.798439,0.719
Mexico,2004,75.4,7199.59665,0.714
Mexico,2003,75,6751.998987,0.708
Mexico,2002,75,716.8219,0.703
Mexico,2001,75,731.378864,0.7
Mexico,2000,74.8,672.92113,0.694
Mongolia,2015,68.8,3944.1839,0.733
Mongolia,2014,68.4,4181.583321,0.729
Mongolia,2013,68.1,4385.379355,0.72
Mongolia,2012,67.8,4368.82248,0.712
Mongolia,2011,67.3,3769.595255,0.701
Mongolia,2010,66.3,265.353659,0.693
Mongolia,2009,66.9,1717.898761,0.686
Mongolia,2008,67.4,2139.625631,0.673
Mongolia,2007,65.9,1634.81431,0.661
Mongolia,2006,65,1334.651896,0.649
Mongolia,2005,64.5,998.8226671,0.637
Mongolia,2004,64,797.8377432,0.621
Mongolia,2003,64,646.561295,0.609
Mongolia,2002,63.8,571.51883,0.599
Mongolia,2001,63.2,524.145924,0.588
Mongolia,2000,62.8,474.2133361,0.582
Montenegro,2015,76.1,6461.192554,0.804
Montenegro,2014,75.9,7378.345289,0.803
Montenegro,2013,75.8,7186.429787,0.799
Montenegro,2012,75.6,6586.71929,0.797
Montenegro,2011,75.4,7318.742449,0.792
Montenegro,2010,75.3,6682.281158,0.787
Montenegro,2009,75,6698.79439,0.785
Montenegro,2008,74.6,7325.73474,0.774
Montenegro,2007,74.2,5957.145693,0.762
Montenegro,2006,73.8,4383.59597,0.751
Montenegro,2005,73.6,3674.617924,0.746
Montenegro,2004,73.5,338.199535,0.74
Montenegro,2003,73.5,2789.1735,0
Montenegro,2002,73.4,216.243274,0
Montenegro,2001,73.3,199.583957,0
Montenegro,2000,73,1627.42893,0
Morocco,2015,74.3,2847.285569,0.645
Morocco,2014,74.1,3154.513484,0.64
Morocco,2013,73.9,3111.762887,0.634
Morocco,2012,73.6,294.746728,0.623
Morocco,2011,73.3,339.91616,0.612
Morocco,2010,72.8,2834.2472,0.603
Morocco,2009,72.3,2861.5545,0.596
Morocco,2008,71.8,2884.94776,0.589
Morocco,2007,71.4,2494.353552,0.581
Morocco,2006,71,2191.478567,0.575
Morocco,2005,77,213.755559,0.569
Morocco,2004,72,1948.812275,0.561
Morocco,2003,69.9,1721.973863,0.551
Morocco,2002,69.5,1413.757176,0.54
Morocco,2001,69,1336.775376,0.53
Morocco,2000,68.6,1332.382358,0.519
Mozambique,2015,57.6,528.3125597,0.414
Mozambique,2014,56.7,623.2871141,0.409
Mozambique,2013,55.3,65.985681,0.405
Mozambique,2012,54.8,566.513873,0.4
Mozambique,2011,54.3,526.5313517,0.397
Mozambique,2010,54,419.2258149,0.39
Mozambique,2009,53.8,463.852618,0.382
Mozambique,2008,53.2,53.127719,0.372
Mozambique,2007,52.1,422.1461573,0.36
Mozambique,2006,51.2,385.7567141,0.353
Mozambique,2005,58,369.1545359,0.341
Mozambique,2004,54,336.3318145,0.332
Mozambique,2003,51,283.8911588,0.318
Mozambique,2002,49.8,262.884551,0.311
Mozambique,2001,49.5,256.4414872,0.298
Mozambique,2000,49,277.6486591,0.291
Myanmar,2015,66.6,1194.59137,0.552
Myanmar,2014,66.4,1262.893782,0.547
Myanmar,2013,66.2,1168.83947,0.54
Myanmar,2012,65.9,1171.58257,0.533
Myanmar,2011,65.6,1186.423937,0.526
Myanmar,2010,65.4,987.7365832,0.515
Myanmar,2009,65.2,741.777116,0.504
Myanmar,2008,59.2,643.951373,0.493
Myanmar,2007,64.5,41.451,0.484
Myanmar,2006,64.2,296.97284,0.474
Myanmar,2005,63.9,247.24276,0.465
Myanmar,2004,63.5,219.8156688,0.455
Myanmar,2003,63.2,219.782326,0.445
Myanmar,2002,62.8,143.77651,0.435
Myanmar,2001,62.5,138.9249275,0.427
Myanmar,2000,62.1,193.187484,0.417
Namibia,2015,65.8,4737.66996,0.637
Namibia,2014,65.9,5421.343953,0.632
Namibia,2013,66.1,5488.131712,0.625
Namibia,2012,65.8,5749.44752,0.619
Namibia,2011,64.3,56.971392,0.612
Namibia,2010,63,5191.58381,0.604
Namibia,2009,62.4,4153.497885,0.598
Namibia,2008,61.7,429.6561,0.589
Namibia,2007,60,422.51968,0.578
Namibia,2006,57,3881.29535,0.57
Namibia,2005,55.1,3573.146387,0.565
Namibia,2004,54.7,3288.257373,0.559
Namibia,2003,55,2482.36862,0.554
Namibia,2002,55.7,1713.47594,0.556
Namibia,2001,56.5,1834.29486,0.556
Namibia,2000,57.4,257.99557,0.559
Nepal,2015,69.2,743.7653489,0.555
Nepal,2014,69.6,76.2386977,0.551
Nepal,2013,69.3,688.6172788,0.545
Nepal,2012,68.9,681.7925868,0.538
Nepal,2011,68.4,692.1166842,0.529
Nepal,2010,68,592.1835216,0.515
Nepal,2009,67.5,48.7299,0.502
Nepal,2008,67,473.844449,0.492
Nepal,2007,66.6,393.8843518,0.486
Nepal,2006,66,348.6314534,0.476
Nepal,2005,65.4,317.89198,0.469
Nepal,2004,64.7,287.4156,0.463
Nepal,2003,64.3,253.72412,0.457
Nepal,2002,63.1,246.375621,0.447
Nepal,2001,63.2,248.6183539,0.446
Nepal,2000,62.5,231.42554,0.439
Netherlands,2015,81.9,44292.88473,0.923
Netherlands,2014,81.7,52157.4687,0.923
Netherlands,2013,81.4,51574.48942,0.922
Netherlands,2012,81.1,49474.7561,0.921
Netherlands,2011,81.1,5354.6536,0.911
Netherlands,2010,88,5338.25483,0.906
Netherlands,2009,86,519.349,0.906
Netherlands,2008,83,56928.8248,0.905
Netherlands,2007,82,51241.31562,0.899
Netherlands,2006,79.8,44453.97119,0.893
Netherlands,2005,79.4,41577.169,0.888
Netherlands,2004,79.2,39954.64222,0.885
Netherlands,2003,78.7,35245.1647,0.881
Netherlands,2002,78.4,28817.32321,0.882
Netherlands,2001,78.3,26584.12169,0.878
Netherlands,2000,78.1,25921.12794,0.873
New Zealand,2015,81.6,3821.8937,0.913
New Zealand,2014,81.5,4453.24673,0.91
New Zealand,2013,81.3,42889.88141,0.908
New Zealand,2012,81.1,3997.25624,0.904
New Zealand,2011,86,38426.5581,0.901
New Zealand,2010,89,33691.34837,0.899
New Zealand,2009,85,282.94193,0.895
New Zealand,2008,81,31287.77865,0.894
New Zealand,2007,81,3259.73471,0.891
New Zealand,2006,79.9,2667.86452,0.888
New Zealand,2005,79.9,2775.89515,0.886
New Zealand,2004,79.2,2542.39935,0.884
New Zealand,2003,79.1,21913.7817,0.881
New Zealand,2002,78.7,16874.31232,0.873
New Zealand,2001,78.5,13882.85683,0.868
New Zealand,2000,78.6,13641.1272,0.864
Nicaragua,2015,74.8,295.966488,0.642
Nicaragua,2014,74.5,1975.46477,0.636
Nicaragua,2013,73.9,1847.19849,0.63
Nicaragua,2012,73.9,1792.3845,0.625
Nicaragua,2011,74.5,1682.957924,0.62
Nicaragua,2010,73.2,1526.497938,0.614
Nicaragua,2009,73.2,1464.497754,0.613
Nicaragua,2008,72.5,1518.85386,0.607
Nicaragua,2007,72.5,1344.31871,0.601
Nicaragua,2006,73,124.992617,0.597
Nicaragua,2005,71.2,1175.116225,0.592
Nicaragua,2004,71,191.55157,0.587
Nicaragua,2003,76,115.565314,0.583
Nicaragua,2002,75,11.147277,0.577
Nicaragua,2001,73,143.6758,0.57
Nicaragua,2000,73,116.2743,0.562
Niger,2015,61.8,358.99731,0.351
Niger,2014,61.4,43.646498,0.345
Niger,2013,69,416.14838,0.341
Niger,2012,63,391.515524,0.331
Niger,2011,59.4,375.5819866,0.323
Niger,2010,58.2,348.151511,0.312
Niger,2009,57.1,341.2894618,0.307
Niger,2008,56,354.8185998,0.298
Niger,2007,55.2,292.55962,0.293
Niger,2006,54.5,258.463873,0.286
Niger,2005,53.7,25.383731,0.278
Niger,2004,52.9,232.5661574,0.27
Niger,2003,52.1,215.8548,0.266
Niger,2002,51.4,177.828384,0.261
Niger,2001,56,165.257247,0.255
Niger,2000,50,158.455972,0.253
Nigeria,2015,54.5,2655.157977,0.525
Nigeria,2014,53.6,3221.678128,0.521
Nigeria,2013,53.2,2996.96432,0.514
Nigeria,2012,52.7,2755.297787,0.507
Nigeria,2011,52.3,2527.9423,0.5
Nigeria,2010,52,2327.3267,0.492
Nigeria,2009,51.6,197.661422,0.487
Nigeria,2008,59,1383.893354,0.481
Nigeria,2007,55,1136.829645,0.477
Nigeria,2006,49.8,119.743286,0.466
Nigeria,2005,49.2,87.8938738,0.463
Nigeria,2004,48.5,648.815852,0.445
Nigeria,2003,48.1,512.65719,0
Nigeria,2002,47.7,459.4572117,0
Nigeria,2001,47.4,351.7996666,0
Nigeria,2000,47.1,379.1193264,0
Norway,2015,81.8,7455.24654,0.948
Norway,2014,81.6,975.49856,0.945
Norway,2013,81.5,1291.435,0.942
Norway,2012,81.3,11563.727,0.941
Norway,2011,81.1,1574.9861,0.939
Norway,2010,81,87646.75346,0.936
Norway,2009,89,817.77681,0.936
Norway,2008,86,9688.5961,0.936
Norway,2007,85,85128.65759,0.934
Norway,2006,84,74114.69715,0.931
Norway,2005,81,66775.3944,0.929
Norway,2004,79.8,5757.26916,0.924
Norway,2003,79.4,5111.65445,0.918
Norway,2002,78.9,4361.1538,0.916
Norway,2001,78.8,38549.58934,0.917
Norway,2000,78.5,38146.71539,0.911
Oman,2015,76.6,16627.36433,0.795
Oman,2014,76.4,2458.45226,0.796
Oman,2013,76.2,21268.7564,0.796
Oman,2012,76,22134.916,0.797
Oman,2011,75.8,2986.36,0.797
Oman,2010,75.6,1928.74739,0.797
Oman,2009,75.4,16784.34616,0.782
Oman,2008,75.2,2275.3536,0.765
Oman,2007,74.9,1585.13226,0.753
Oman,2006,74.7,1448.55,0.748
Oman,2005,74.3,12376.97936,0.742
Oman,2004,74,1129.28886,0.734
Oman,2003,73.6,969.8126,0.725
Oman,2002,73.3,8629.11774,0.716
Oman,2001,72.9,8476.61511,0.705
Oman,2000,72.6,861.18596,0
Pakistan,2015,66.4,1431.244865,0.548
Pakistan,2014,66.2,1316.98966,0.542
Pakistan,2013,66,1272.44161,0.538
Pakistan,2012,65.7,1261.28967,0.529
Pakistan,2011,65.5,1226.215314,0.525
Pakistan,2010,65.1,14.142268,0.521
Pakistan,2009,64.8,16.63999,0.514
Pakistan,2008,64.6,139.31288,0.513
Pakistan,2007,64.4,95.4327931,0.505
Pakistan,2006,64.2,873.772727,0.501
Pakistan,2005,62.9,711.4699463,0.487
Pakistan,2004,63.7,649.848233,0.474
Pakistan,2003,63.5,563.594342,0.465
Pakistan,2002,63.2,499.8633,0.457
Pakistan,2001,63,51.6568157,0.45
Pakistan,2000,62.8,533.8624114,0.445
Panama,2015,77.8,13134.4367,0.785
Panama,2014,77.6,12593.7374,0.78
Panama,2013,77.5,11685.97983,0.773
Panama,2012,77.2,1589.82713,0.765
Panama,2011,77.3,927.723171,0.758
Panama,2010,76.5,7937.259931,0.756
Panama,2009,76.8,7429.628274,0.755
Panama,2008,76.5,6973.9284,0.75
Panama,2007,76.4,668.8667,0.743
Panama,2006,76.2,5348.518399,0.744
Panama,2005,75.8,4916.54886,0.74
Panama,2004,75.8,4591.892776,0.733
Panama,2003,75.5,4267.13578,0.728
Panama,2002,75.7,4126.14671,0.725
Panama,2001,75.5,446.372833,0.721
Panama,2000,75.7,46.29935,0.716
Papua New Guinea,2014,62.7,2182.716565,0.511
Papua New Guinea,2013,62.4,229.95364,0.506
Papua New Guinea,2012,62.2,271.318741,0.501
Papua New Guinea,2011,62,177.867119,0.494
Papua New Guinea,2010,61.8,1366.879112,0.485
Papua New Guinea,2009,61.6,1166.66337,0.477
Papua New Guinea,2008,61.4,1178.72469,0.469
Papua New Guinea,2007,61.1,956.668952,0.461
Papua New Guinea,2006,68,854.346921,0.454
Papua New Guinea,2005,64,77.5773486,0.446
Papua New Guinea,2004,59.9,637.3616215,0.439
Papua New Guinea,2003,59.6,588.3582595,0.433
Papua New Guinea,2002,59.3,511.665773,0.428
Papua New Guinea,2001,59.1,539.41528,0.422
Papua New Guinea,2000,58.9,631.9468526,0.418
Paraguay,2015,74,419.367724,0.692
Paraguay,2014,73.9,4712.822736,0.688
Paraguay,2013,73.8,4479.95858,0.679
Paraguay,2012,73.6,3855.537735,0.679
Paraguay,2011,73.4,3988.11894,0.675
Paraguay,2010,73.2,3225.591754,0.664
Paraguay,2009,73,2599.596259,0.663
Paraguay,2008,72.7,359.992184,0.654
Paraguay,2007,72.5,2312.192926,0.649
Paraguay,2006,72.3,189.71539,0.648
Paraguay,2005,72.1,157.145691,0.646
Paraguay,2004,71.9,148.527976,0.639
Paraguay,2003,71.7,1174.779347,0.642
Paraguay,2002,71.5,1148.229882,0.632
Paraguay,2001,71.2,1417.26582,0.624
Paraguay,2000,79,1545.626423,0.625
Peru,2015,75.5,63.343259,0.737
Peru,2014,75.3,6491.5245,0.735
Peru,2013,75.3,6583.116248,0.731
Peru,2012,74.9,6387.785281,0.725
Peru,2011,74.5,5771.565878,0.721
Peru,2010,73.7,522.493191,0.708
Peru,2009,73.8,4166.93387,0.706
Peru,2008,73.9,428.87811,0.7
Peru,2007,74,3611.2147,0.696
Peru,2006,74.2,3171.49856,0.693
Peru,2005,72.8,2754.7829,0.692
Peru,2004,72.2,2448.143899,0.685
Peru,2003,72.1,218.25997,0.686
Peru,2002,72.6,259.192958,0.686
Peru,2001,72.4,1981.243653,0.677
Peru,2000,71.4,1996.719689,0.674
Philippines,2015,68.5,2878.33837,0.679
Philippines,2014,68.4,2842.938353,0.676
Philippines,2013,68.1,276.289146,0.671
Philippines,2012,68.1,2581.818554,0.666
Philippines,2011,68,2352.518156,0.669
Philippines,2010,67.9,2129.499242,0.662
Philippines,2009,68,1825.341521,0.661
Philippines,2008,67.5,1919.466195,0.655
Philippines,2007,67.5,1672.685433,0.648
Philippines,2006,67.3,1391.772325,0.646
Philippines,2005,67,1194.697155,0.642
Philippines,2004,67.3,179.3715,0.636
Philippines,2003,67.2,11.553196,0.631
Philippines,2002,66.8,1.68135,0.625
Philippines,2001,66.8,957.287441,0.622
Philippines,2000,66.8,138.91977,0.618
Poland,2015,77.5,12565.9876,0.852
Poland,2014,77.3,14341.675,0.85
Poland,2013,77.1,1378.54911,0.838
Poland,2012,76.8,13145.1484,0.834
Poland,2011,76.7,13893.18768,0.829
Poland,2010,76.3,12599.52486,0.822
Poland,2009,75.7,11527.59323,0.818
Poland,2008,75.5,141.44688,0.813
Poland,2007,75.3,1126.31852,0.808
Poland,2006,75.2,94.7726,0.803
Poland,2005,75,821.251569,0.797
Poland,2004,74.9,6681.178818,0.8
Poland,2003,74.7,5693.52416,0.796
Poland,2002,74.5,5196.932921,0.79
Poland,2001,74.2,4981.198619,0.784
Poland,2000,73.7,4492.72764,0.777
Portugal,2015,81.1,1922.681,0.841
Portugal,2014,89,2277.53613,0.837
Portugal,2013,86,21618.73534,0.827
Portugal,2012,83,2577.4264,0.824
Portugal,2011,82,23196.18375,0.818
Portugal,2010,79.6,22538.6548,0.812
Portugal,2009,79.3,2363.97161,0.809
Portugal,2008,79,24815.6884,0.804
Portugal,2007,78.7,2278.5845,0.797
Portugal,2006,78.5,19821.44463,0.793
Portugal,2005,77.7,18784.9485,0.79
Portugal,2004,78,1845.5881,0.792
Portugal,2003,77.3,15772.7334,0.789
Portugal,2002,77.2,12882.28897,0.788
Portugal,2001,76.9,11729.14616,0.782
Portugal,2000,76.6,1152.39681,0.777
Qatar,2015,78.2,66346.52267,0.855
Qatar,2014,78.1,86852.7119,0.854
Qatar,2013,77.9,8834.87958,0.843
Qatar,2012,77.8,88564.82298,0.837
Qatar,2011,77.5,85948.746,0.827
Qatar,2010,77.3,736.22784,0.825
Qatar,2009,77,61478.23813,0.828
Qatar,2008,76.8,82967.37228,0.825
Qatar,2007,76.7,675.61258,0.83
Qatar,2006,76.6,6256.55926,0.835
Qatar,2005,76.6,51488.49529,0.83
Qatar,2004,76.6,41818.35256,0.826
Qatar,2003,76.5,34176.98183,0.815
Qatar,2002,76.4,2999.65492,0.807
Qatar,2001,76.3,2843.63635,0.809
Qatar,2000,76.2,29986.2915,0.808
Romania,2015,75,8958.788593,0.798
Romania,2014,74.8,12.27733,0.797
Romania,2013,74.6,9585.266593,0.794
Romania,2012,74.4,8558.39766,0.797
Romania,2011,74.3,92.277825,0.798
Romania,2010,73.4,8297.483621,0.797
Romania,2009,73.1,822.18329,0.795
Romania,2008,73.1,1136.47356,0.78
Romania,2007,72.9,8214.185378,0.766
Romania,2006,72.5,5828.745662,0.755
Romania,2005,71.9,4676.315183,0.745
Romania,2004,71.7,3552.92452,0.733
Romania,2003,71.1,2774.95586,0.722
Romania,2002,77,2124.873613,0.714
Romania,2001,78,1839.72945,0.708
Romania,2000,77,1668.162731,0.703
Russian Federation,2015,75,9329.298351,0.805
Russian Federation,2014,73,14125.961,0.803
Russian Federation,2013,70,15543.67653,0.799
Russian Federation,2012,69.6,15154.45687,0.792
Russian Federation,2011,69.4,14212.687,0.785
Russian Federation,2010,68.4,1674.98771,0.773
Russian Federation,2009,68.2,8562.89598,0.776
Russian Federation,2008,67.5,11635.2637,0.769
Russian Federation,2007,67.3,911.25385,0.761
Russian Federation,2006,66.4,692.194398,0.754
Russian Federation,2005,65,5323.473877,0.748
Russian Federation,2004,64.9,412.372294,0.741
Russian Federation,2003,64.6,2975.132778,0.733
Russian Federation,2002,64.8,2375.5944,0.727
Russian Federation,2001,65.1,21.362386,0.72
Russian Federation,2000,65,1771.58662,0.709
Rwanda,2015,66.1,71.348397,0.493
Rwanda,2014,65.7,76.5699517,0.488
Rwanda,2013,65.2,688.8768557,0.485
Rwanda,2012,64.6,678.796973,0.475
Rwanda,2011,63.8,617.317648,0.464
Rwanda,2010,62.8,563.491487,0.454
Rwanda,2009,61,539.1538211,0.447
Rwanda,2008,68,5.6687264,0.438
Rwanda,2007,59.6,44.853339,0.424
Rwanda,2006,57.6,342.3656294,0.404
Rwanda,2005,55.3,287.931877,0.388
Rwanda,2004,53.4,236.9114381,0.371
Rwanda,2003,52,212.6619491,0.359
Rwanda,2002,57,196.59778,0.343
Rwanda,2001,48.6,21.569654,0.332
Rwanda,2000,48.3,216.172747,0.318
Samoa,2015,74,4149.363444,0.702
Samoa,2014,73.8,4178.973369,0.701
Samoa,2013,73.6,4219.65123,0.7
Samoa,2012,73.2,4234.554443,0.698
Samoa,2011,73,3942.9827,0.693
Samoa,2010,72.6,3453.487434,0.69
Samoa,2009,76,335.112838,0.691
Samoa,2008,72.5,359.82223,0.688
Samoa,2007,72.2,322.543121,0.682
Samoa,2006,72,287.963899,0.677
Samoa,2005,71.6,2571.262348,0.671
Samoa,2004,71.4,2351.33814,0.665
Samoa,2003,79,197.29417,0.659
Samoa,2002,76,1631.41727,0.653
Samoa,2001,75,1555.47451,0.645
Samoa,2000,72,154.68923,0.64
Sao Tome and Principe,2015,67.5,1624.63963,0.565
Sao Tome and Principe,2014,67.3,1821.878734,0.562
Sao Tome and Principe,2013,67.1,1619.532678,0.559
Sao Tome and Principe,2012,66.9,138.949959,0.553
Sao Tome and Principe,2011,66.6,134.326189,0.546
Sao Tome and Principe,2010,66.2,1129.754961,0.542
Sao Tome and Principe,2009,65.8,199.57146,0.533
Sao Tome and Principe,2008,65.4,1126.46212,0.531
Sao Tome and Principe,2007,65.1,894.927988,0.527
Sao Tome and Principe,2006,64.7,843.89447,0.521
Sao Tome and Principe,2005,64.3,81.86157,0.514
Sao Tome and Principe,2004,63.8,693.345683,0.509
Sao Tome and Principe,2003,63.4,649.342153,0.504
Sao Tome and Principe,2002,63.1,555.8185378,0.501
Sao Tome and Principe,2001,62.8,51.216381,0.497
Saudi Arabia,2015,74.5,2732.86172,0.845
Saudi Arabia,2014,74.4,24575.434,0.841
Saudi Arabia,2013,74.3,24934.38614,0.83
Saudi Arabia,2012,74.1,2533.9462,0.818
Saudi Arabia,2011,73.9,2377.74739,0.804
Saudi Arabia,2010,73.7,19259.58726,0.792
Saudi Arabia,2009,73.4,1694.2931,0.787
Saudi Arabia,2008,73.3,237.83234,0.779
Saudi Arabia,2007,73.2,16472.1665,0.773
Saudi Arabia,2006,73.2,15334.66994,0.767
Saudi Arabia,2005,73.1,13739.82945,0.761
Saudi Arabia,2004,73.1,11138.8746,0.754
Saudi Arabia,2003,73,9567.458285,0.747
Saudi Arabia,2002,72.9,8655.311531,0.745
Saudi Arabia,2001,72.8,8643.4944,0.742
Saudi Arabia,2000,72.6,9126.954277,0.737
Senegal,2015,66.7,98.7256145,0.491
Senegal,2014,66.4,152.443873,0.483
Senegal,2013,66,148.912351,0.474
Senegal,2012,65.6,136.4518,0.463
Senegal,2011,64.9,18.25321,0.455
Senegal,2010,64.3,11.631377,0.449
Senegal,2009,63.5,12.566464,0.444
Senegal,2008,62.8,11.33678,0.435
Senegal,2007,62.1,95.3978522,0.425
Senegal,2006,61.3,89.838296,0.422
Senegal,2005,65,773.8698713,0.415
Senegal,2004,59.7,733.581811,0.408
Senegal,2003,59,642.7663113,0.401
Senegal,2002,58.4,513.26227,0.397
Senegal,2001,57.9,481.287397,0.381
Senegal,2000,57.5,473.45338,0.378
Serbia,2015,75.6,5237.255334,0.775
Serbia,2014,75.4,62.173221,0.771
Serbia,2013,75.3,6353.826383,0.766
Serbia,2012,74.9,5659.3824,0.767
Serbia,2011,74.6,6423.291783,0.757
Serbia,2010,74.4,5411.87744,0.755
Serbia,2009,74.1,5821.35397,0.754
Serbia,2008,74,671.773913,0.749
Serbia,2007,73.8,5458.121718,0.743
Serbia,2006,73.6,4129.758741,0.739
Serbia,2005,73,3528.1318,0.73
Serbia,2004,73,3331.228766,0.72
Serbia,2003,73,2832.49652,0.715
Serbia,2002,72.9,2149.9944,0.715
Serbia,2001,73.1,1634.87561,0.709
Serbia,2000,72.6,87.1365252,0.702
Seychelles,2015,73.2,1539.464,0.781
Seychelles,2014,73,1557.77892,0.766
Seychelles,2013,72.9,15687.34795,0.762
Seychelles,2012,72.7,12845.17363,0.755
Seychelles,2011,72.6,12189.9516,0.744
Seychelles,2010,72.4,184.68447,0.74
Seychelles,2009,72.3,976.9566,0.739
Seychelles,2008,72.2,11122.8627,0.739
Seychelles,2007,72.2,12154.82994,0.733
Seychelles,2006,72.2,1214.39987,0.728
Seychelles,2005,72.2,1192.5174,0.712
Seychelles,2004,72.1,1176.65871,0.715
Seychelles,2003,72.1,8524.961236,0.713
Seychelles,2002,72.1,8331.261997,0.712
Seychelles,2001,72,7663.1378,0.714
Seychelles,2000,71.8,7578.85153,0
Sierra Leone,2015,51,587.538233,0.431
Sierra Leone,2014,48.1,78.4394757,0.426
Sierra Leone,2013,54,71.8186998,0.413
Sierra Leone,2012,49.7,561.8984239,0.401
Sierra Leone,2011,48.9,445.525,0.392
Sierra Leone,2010,48.1,45.128418,0.384
Sierra Leone,2009,47.1,394.5932439,0.375
Sierra Leone,2008,46.2,46.3759178,0.367
Sierra Leone,2007,45.3,358.8274716,0.357
Sierra Leone,2006,44.3,322.313468,0.348
Sierra Leone,2005,43.3,287.6891942,0.341
Sierra Leone,2004,42.3,263.145817,0.332
Sierra Leone,2003,41.5,263.7618312,0.322
Sierra Leone,2002,48,249.939542,0.306
Sierra Leone,2001,41,227.779471,0.302
Sierra Leone,2000,39,139.3147734,0.292
Singapore,2015,83.1,53629.73746,0.924
Singapore,2014,82.9,56336.7234,0.922
Singapore,2013,82.7,5629.18914,0.92
Singapore,2012,82.5,54431.16199,0.917
Singapore,2011,82.2,53166.67581,0.911
Singapore,2010,82,46569.67951,0.889
Singapore,2009,81.7,38577.55822,0.887
Singapore,2008,81.4,39721.4818,0.88
Singapore,2007,81.1,39223.58187,0.873
Singapore,2006,87,33579.85948,0.839
Singapore,2005,82,29869.85398,0.821
Singapore,2004,79.7,2745.27136,0.82
Singapore,2003,79.3,23573.6284,0.819
Singapore,2002,79,2216.83279,0.818
Singapore,2001,78.7,21577.7823,0.82
Singapore,2000,78.3,23792.677,0.81
Slovenia,2015,88,2729.86383,0.888
Slovenia,2014,87,242.67286,0.888
Slovenia,2013,85,2315.31799,0.878
Slovenia,2012,82,22486.47167,0.877
Slovenia,2011,79.8,24985.24827,0.876
Slovenia,2010,79.5,23437.4722,0.872
Slovenia,2009,79.1,24633.79785,0.873
Slovenia,2008,78.9,2751.8127,0.869
Slovenia,2007,78.3,23841.31792,0.865
Slovenia,2006,78.1,19726.1265,0.858
Slovenia,2005,77.5,18169.1891,0.853
Slovenia,2004,77.2,1726.9151,0.85
Slovenia,2003,76.5,1488.47154,0.843
Slovenia,2002,76.6,11814.9994,0.835
Slovenia,2001,76.2,1479.29634,0.824
Slovenia,2000,76,1227.73677,0.818
Solomon Islands,2015,69.2,1922.41388,0.514
Solomon Islands,2014,68.8,29.652622,0.512
Solomon Islands,2013,68.8,188.5159,0.509
Solomon Islands,2012,68.7,1858.689868,0.505
Solomon Islands,2011,68.5,1642.837974,0.497
Solomon Islands,2010,68.3,1272.44825,0.492
Solomon Islands,2009,68.1,1158.282672,0.494
Solomon Islands,2008,68,125.79167,0.489
Solomon Islands,2007,67.6,146.931125,0.482
Solomon Islands,2006,67.6,948.6592511,0.47
Solomon Islands,2005,67.4,88.874858,0.465
Solomon Islands,2004,67.1,818.442619,0.459
Solomon Islands,2003,66.8,744.7657423,0.453
Solomon Islands,2002,66.5,784.9562874,0.446
Solomon Islands,2001,66.2,944.81684,0.442
Solomon Islands,2000,65.8,154.518572,0.455
South Africa,2015,62.9,5769.77258,0.665
South Africa,2014,62,6479.625659,0.66
South Africa,2013,69,6876.953821,0.652
South Africa,2012,59.2,7548.163698,0.644
South Africa,2011,58.9,849.954224,0.638
South Africa,2010,58,7362.76139,0.63
South Africa,2009,56.5,5888.6284,0.622
South Africa,2008,55.3,5786.59972,0.616
South Africa,2007,54.5,6125.39984,0.612
South Africa,2006,54,5631.73485,0.609
South Africa,2005,53.8,5414.634326,0.609
South Africa,2004,53.7,4863.51688,0.611
South Africa,2003,54,3775.68275,0.613
South Africa,2002,54.9,2518.398261,0.62
South Africa,2001,56,2681.781,0.629
South Africa,2000,57.3,337.2253,0.635
South Sudan,2015,57.3,758.725782,0.421
South Sudan,2014,56.6,1151.861715,0.421
South Sudan,2013,56.4,1186.11325,0.417
South Sudan,2012,56,958.45581,0.419
South Sudan,2011,55.4,176.9713,0.429
Spain,2015,82.8,25683.84565,0.882
Spain,2014,82.6,296.47225,0.877
Spain,2013,82.4,2921.9342,0.874
Spain,2012,82,28562.29324,0.871
Spain,2011,82.1,31834.21816,0.867
Spain,2010,81.9,3736.228,0.86
Spain,2009,81.6,32333.4661,0.858
Spain,2008,81.3,35578.73619,0.854
Spain,2007,89,3279.414,0.849
Spain,2006,88,28482.6948,0.844
Spain,2005,81,2651.71745,0.837
Spain,2004,81,24918.64584,0.833
Spain,2003,79.4,21495.7741,0.83
Spain,2002,79.5,1719.53541,0.828
Spain,2001,79.4,15323.6114,0.825
Spain,2000,79.1,14676.769,0.82
Sri Lanka,2015,74.9,3844.89123,0.764
Sri Lanka,2014,74.7,382.54994,0.76
Sri Lanka,2013,74.6,361.289374,0.757
Sri Lanka,2012,74.5,335.521375,0.752
Sri Lanka,2011,74.5,322.992615,0.746
Sri Lanka,2010,74.5,2819.511161,0.739
Sri Lanka,2009,71.8,216.681584,0.735
Sri Lanka,2008,72.3,254.489192,0.731
Sri Lanka,2007,73.7,1644.816372,0.725
Sri Lanka,2006,73.8,1448.7611,0.718
Sri Lanka,2005,74.2,1259.87591,0.712
Sri Lanka,2004,69.1,174.6692,0.705
Sri Lanka,2003,73.9,989.4547732,0.697
Sri Lanka,2002,73.7,873.1472436,0.699
Sri Lanka,2001,72.7,837.699787,0.686
Sri Lanka,2000,71.5,875.412178,0.677
Sudan,2015,64.1,2513.884661,0.488
Sudan,2014,63.8,2176.89829,0.485
Sudan,2013,63.5,1955.66799,0.478
Sudan,2012,63.2,1892.894352,0.468
Sudan,2011,62.7,1666.857757,0.463
Sudan,2010,62.5,1476.47887,0.461
Sudan,2009,62,1226.884381,0.456
Sudan,2008,61.8,1291.528826,0.444
Sudan,2007,61.4,1115.6952,0.44
Sudan,2006,61,893.8793645,0.43
Sudan,2005,67,679.7539949,0.423
Sudan,2004,59.7,565.569459,0.415
Sudan,2003,59.6,477.738478,0.409
Sudan,2002,59.4,412.1517561,0.403
Sudan,2001,58.9,377.5254454,0.399
Sudan,2000,58.6,361.35843,0.394
Suriname,2015,71.6,8818.982566,0.723
Suriname,2014,71.4,9564.46383,0.722
Suriname,2013,71.2,9484.56898,0.719
Suriname,2012,71.3,9272.413453,0.708
Suriname,2011,76,8318.97692,0.704
Suriname,2010,73,833.31332,0.7
Suriname,2009,70,7443.85178,0.696
Suriname,2008,69.8,6858.163158,0.691
Suriname,2007,69.5,5761.39536,0.684
Suriname,2006,69.3,527.92,0.678
Suriname,2005,68.9,3595.8855,0.672
Suriname,2004,68.3,36.48773,0
Suriname,2003,68,263.1399,0
Suriname,2002,67.9,2232.513244,0
Suriname,2001,67.7,1598.77512,0
Suriname,2000,67.4,1888.61829,0
Swaziland,2015,58.9,3136.92511,0.541
Swaziland,2014,58.4,3464.35169,0.541
Swaziland,2013,57.6,3598.75972,0.539
Swaziland,2012,56.5,3851.51547,0.534
Swaziland,2011,55,3934.27325,0.526
Swaziland,2010,53.6,369.239336,0.523
Swaziland,2009,52.6,332.517125,0.519
Swaziland,2008,51.4,2842.438422,0.514
Swaziland,2007,50,347.48798,0.508
Swaziland,2006,47.8,2937.36723,0.502
Swaziland,2005,46,2873.862141,0.495
Swaziland,2004,45.6,2529.633557,0.492
Swaziland,2003,45.9,22.99449,0.493
Swaziland,2002,46.4,1324.996228,0.502
Swaziland,2001,47.1,1437.634951,0.506
Swaziland,2000,48.4,1637.4567,0.516
Sweden,2015,82.4,5585.25847,0.909
Sweden,2014,82.3,5918.19898,0.906
Sweden,2013,81.9,6283.24522,0.904
Sweden,2012,81.7,57134.777,0.903
Sweden,2011,81.7,59593.28711,0.901
Sweden,2010,81.5,5276.25591,0.895
Sweden,2009,81.4,4627.592,0.898
Sweden,2008,81.1,55746.84238,0.897
Sweden,2007,89,53324.37937,0.895
Sweden,2006,88,46256.4716,0.892
Sweden,2005,85,4385.35315,0.89
Sweden,2004,83,42442.2245,0.888
Sweden,2003,82,36961.42537,0.882
Sweden,2002,79.9,29571.7446,0.88
Sweden,2001,79.8,26969.24457,0.877
Sweden,2000,79.6,29283.55,0.873
Switzerland,2015,83.4,8989.8424,0.938
Switzerland,2014,83.2,85814.58857,0.936
Switzerland,2013,83,84658.88768,0.934
Switzerland,2012,82.7,83164.38795,0.932
Switzerland,2011,82.6,87998.44468,0.932
Switzerland,2010,82.3,74276.71842,0.92
Switzerland,2009,82.1,69672.471,0.916
Switzerland,2008,82,72119.5687,0.914
Switzerland,2007,81.7,63223.46778,0.911
Switzerland,2006,81.5,57348.92788,0.904
Switzerland,2005,81.1,54797.54663,0.899
Switzerland,2004,81,53255.97631,0.895
Switzerland,2003,85,4796.56497,0.889
Switzerland,2002,84,41336.72192,0.89
Switzerland,2001,82,38538.64447,0.888
Switzerland,2000,79.7,37813.23426,0.879
Syrian Arab Republic,2007,73.8,258.3529,0.644
Syrian Arab Republic,2006,73.7,1762.24617,0.636
Syrian Arab Republic,2005,73.5,1577.457182,0.624
Syrian Arab Republic,2004,73.2,148.852738,0.61
Syrian Arab Republic,2003,73,1253.39143,0.599
Syrian Arab Republic,2002,72.8,1263.13455,0.596
Syrian Arab Republic,2001,72.7,1258.421953,0.589
Syrian Arab Republic,2000,72.6,1177.629268,0.588
Tajikistan,2015,69.7,918.6771543,0.625
Tajikistan,2014,69.6,114.45919,0.622
Tajikistan,2013,69.3,14.214412,0.617
Tajikistan,2012,68.8,954.725253,0.613
Tajikistan,2011,68.1,834.5412953,0.608
Tajikistan,2010,67.3,738.3475227,0.603
Tajikistan,2009,66.7,666.3458569,0.601
Tajikistan,2008,66.4,76.914128,0.592
Tajikistan,2007,66.1,52.35956,0.586
Tajikistan,2006,65.9,44.2872665,0.579
Tajikistan,2005,65.5,337.359236,0.572
Tajikistan,2004,65.9,39.281834,0.563
Tajikistan,2003,65.2,236.314438,0.553
Tajikistan,2002,64.3,189.3878519,0.543
Tajikistan,2001,64,17.8159721,0.535
Tajikistan,2000,63.7,138.436633,0.529
Thailand,2015,74.9,5814.863134,0.738
Thailand,2014,74.6,5941.8471,0.737
Thailand,2013,74.5,6171.262444,0.733
Thailand,2012,74.3,5859.915622,0.729
Thailand,2011,74.1,5491.159981,0.72
Thailand,2010,73.9,575.32176,0.711
Thailand,2009,73.7,4212.5492,0.706
Thailand,2008,73.5,4378.68746,0.7
Thailand,2007,73.3,3972.26475,0.687
Thailand,2006,73,3368.952576,0.686
Thailand,2005,72.5,2893.651356,0.682
Thailand,2004,71.6,2659.83918,0.674
Thailand,2003,71.7,2358.93629,0.666
Thailand,2002,71.4,296.54617,0.657
Thailand,2001,71.2,1893.145377,0.649
Thailand,2000,71.1,27.564826,0.64
Timor-Leste,2015,68.3,1161.76935,0.603
Timor-Leste,2014,68,1153.51578,0.612
Timor-Leste,2013,67.7,117.765674,0.62
Timor-Leste,2012,67.4,1117.77724,0.618
Timor-Leste,2011,67.2,114.56179,0.607
Timor-Leste,2010,66.9,849.8626972,0.599
Timor-Leste,2009,66.6,757.3114436,0.599
Timor-Leste,2008,66.2,643.71911,0.566
Timor-Leste,2007,65.8,524.8959363,0.541
Timor-Leste,2006,64.9,441.53226,0.511
Timor-Leste,2005,63.7,478.331859,0.492
Timor-Leste,2004,62.3,467.5438297,0.484
Timor-Leste,2003,61,471.4565823,0.485
Timor-Leste,2002,62,48.61552,0.475
Timor-Leste,2001,59.4,56.4249869,0.47
Timor-Leste,2000,58.7,422.28633,0
Togo,2015,59.9,551.138346,0.484
Togo,2014,59.7,62.1318489,0.475
Togo,2013,59.4,579.43485,0.47
Togo,2012,58.9,563.6894247,0.464
Togo,2011,58.3,562.3393592,0.457
Togo,2010,57.4,487.9238913,0.449
Togo,2009,56.7,499.6468713,0.442
Togo,2008,56.2,513.391914,0.441
Togo,2007,55.9,42.764743,0.443
Togo,2006,55.7,377.33629,0.436
Togo,2005,55,372.1721837,0.435
Togo,2004,54.9,349.9937253,0.432
Togo,2003,54.7,31.437144,0.428
Togo,2002,54.7,28.832123,0.428
Togo,2001,54.6,26.6394652,0.426
Togo,2000,54.6,26.3932935,0.425
Tonga,2015,73.5,493.775387,0.718
Tonga,2014,73.3,4192.349758,0.716
Tonga,2013,73.2,4266.557174,0.718
Tonga,2012,73,451.542462,0.717
Tonga,2011,72.9,445.18866,0.712
Tonga,2010,72.8,3547.59975,0.707
Tonga,2009,72.5,37.846563,0.703
Tonga,2008,72.6,3392.64743,0.698
Tonga,2007,72.5,2932.315883,0.698
Tonga,2006,72.4,2892.522663,0.695
Tonga,2005,72.3,2594.74999,0.694
Tonga,2004,72.2,2284.37858,0.693
Tonga,2003,72,229.714718,0.683
Tonga,2002,71.9,1842.44421,0.679
Tonga,2001,71.8,1837.977391,0.674
Tonga,2000,71.6,263.27236,0.676
Trinidad and Tobago,2015,71.2,17321.83373,0.779
Trinidad and Tobago,2014,71.1,19325.24283,0.778
Trinidad and Tobago,2013,71,1967.83283,0.773
Trinidad and Tobago,2012,78,19152.531,0.772
Trinidad and Tobago,2011,76,1953.9767,0.774
Trinidad and Tobago,2010,74,16683.94578,0.772
Trinidad and Tobago,2009,71,1458.8796,0.773
Trinidad and Tobago,2008,69.9,21188.11857,0.767
Trinidad and Tobago,2007,69.7,1653.1844,0.76
Trinidad and Tobago,2006,69.6,1495.96337,0.751
Trinidad and Tobago,2005,69.5,12323.1275,0.745
Trinidad and Tobago,2004,69.4,129.51914,0.736
Trinidad and Tobago,2003,69.3,884.518666,0.729
Trinidad and Tobago,2002,69.2,749.626612,0.721
Trinidad and Tobago,2001,69.1,6935.721451,0.715
Trinidad and Tobago,2000,69.1,643.947262,0.709
Tunisia,2015,75.3,3828.91589,0.723
Tunisia,2014,75.1,4271.68172,0.722
Tunisia,2013,74.9,4199.47253,0.72
Tunisia,2012,74.9,4137.55421,0.717
Tunisia,2011,74.8,4256.91279,0.714
Tunisia,2010,74.8,414.15177,0.71
Tunisia,2009,74.7,4129.977335,0.706
Tunisia,2008,74.7,431.9326,0.701
Tunisia,2007,74.6,3778.184171,0.695
Tunisia,2006,74.4,3371.71231,0.689
Tunisia,2005,74.2,3194.562243,0.683
Tunisia,2004,74,3112.83529,0.673
Tunisia,2003,73.7,2761.969249,0.667
Tunisia,2002,73.5,2346.5937,0.662
Tunisia,2001,73.2,2254.933126,0.654
Tunisia,2000,72.9,2213.91488,0.646
Turkey,2015,75.8,1979.52569,0.764
Turkey,2014,75.5,12127.22522,0.759
Turkey,2013,75.2,12542.93565,0.754
Turkey,2012,74.8,1172.3843,0.75
Turkey,2011,74.5,11341.13395,0.737
Turkey,2010,74.2,1672.5693,0.715
Turkey,2009,73.9,936.499911,0.709
Turkey,2008,73.5,185.68975,0.705
Turkey,2007,73.2,979.49246,0.697
Turkey,2006,72.8,834.869161,0.687
Turkey,2005,72.4,7384.354661,0.681
Turkey,2004,72,64.72953,0.675
Turkey,2003,71.6,4718.51291,0.668
Turkey,2002,71.2,366.57,0.658
Turkey,2001,78,3119.63716,0.653
Turkey,2000,74,4316.553895,0.641
Turkmenistan,2015,66.3,6432.668768,0.688
Turkmenistan,2014,66,7962.365824,0.683
Turkmenistan,2013,65.4,734.42525,0.678
Turkmenistan,2012,65.6,6675.262954,0.672
Turkmenistan,2011,65.6,5649.978486,0.665
Turkmenistan,2010,65.8,4439.23,0
Turkmenistan,2009,65.6,436.459223,0
Turkmenistan,2008,64.5,394.467675,0
Turkmenistan,2007,64.1,26.371428,0
Turkmenistan,2006,63.7,2136.66815,0
Turkmenistan,2005,63.3,174.51475,0
Turkmenistan,2004,63.5,1453.917166,0
Turkmenistan,2003,63.4,1283.885977,0
Turkmenistan,2002,63.3,967.917468,0
Turkmenistan,2001,64,774.4763388,0
Turkmenistan,2000,63.8,643.17518,0
Uganda,2015,62.3,693.8963829,0.488
Uganda,2014,61.5,719.172669,0.483
Uganda,2013,67,662.492293,0.478
Uganda,2012,60,647.74741,0.477
Uganda,2011,59.3,584.3962137,0.477
Uganda,2010,58.4,594.9972557,0.473
Uganda,2009,57.5,647.17732,0.464
Uganda,2008,56.3,449.6928183,0.453
Uganda,2007,55.5,41.858631,0.442
Uganda,2006,54.9,336.4593923,0.434
Uganda,2005,53.2,315.788227,0.429
Uganda,2004,51.3,288.236949,0.427
Uganda,2003,51,237.9995917,0.418
Uganda,2002,48.8,24.2423229,0.404
Uganda,2001,47.7,234.984775,0.396
Uganda,2000,46.6,257.63369,0.382
Ukraine,2015,71.3,2124.662666,0.748
Ukraine,2014,78,314.658296,0.746
Ukraine,2013,71,429.71554,0.744
Ukraine,2012,77,3855.42128,0.739
Ukraine,2011,75,3569.75727,0.734
Ukraine,2010,69.8,2965.142365,0.728
Ukraine,2009,69.2,2545.48341,0.734
Ukraine,2008,67.7,3891.37823,0.73
Ukraine,2007,67.5,368.68998,0.723
Ukraine,2006,67.7,233.18831,0.716
Ukraine,2005,67,1828.717626,0.707
Ukraine,2004,67.4,1367.352433,0.7
Ukraine,2003,67.6,148.522488,0.691
Ukraine,2002,67.6,879.475486,0.683
Ukraine,2001,67.7,78.738243,0.673
Ukraine,2000,67.5,635.789635,0.669
United Arab Emirates,2015,77.1,3911.74689,0.836
United Arab Emirates,2014,76.9,44449.7435,0.832
United Arab Emirates,2013,76.7,4335.64268,0.829
United Arab Emirates,2012,76.5,42112.23565,0.826
United Arab Emirates,2011,76.3,4462.3129,0.824
United Arab Emirates,2010,76.2,3549.14832,0.826
United Arab Emirates,2009,76,3372.57517,0.831
United Arab Emirates,2008,75.8,45758.9554,0.829
United Arab Emirates,2007,75.6,42672.61323,0.826
United Arab Emirates,2006,75.4,42372.22166,0.823
United Arab Emirates,2005,75.3,39439.8197,0.818
United Arab Emirates,2004,75.1,36161.1761,0.813
United Arab Emirates,2003,74.9,3323.52318,0.808
United Arab Emirates,2002,74.7,31311.35936,0.803
United Arab Emirates,2001,74.5,3161.52935,0.798
United Arab Emirates,2000,74.2,3371.26869,0.791
Uruguay,2015,77,15524.84247,0.794
Uruguay,2014,76.8,16737.89827,0.791
Uruguay,2013,76.8,16881.2568,0.788
Uruguay,2012,76.5,1592.6819,0.784
Uruguay,2011,77,14166.4998,0.78
Uruguay,2010,76.3,11938.212,0.777
Uruguay,2009,76.6,9415.17386,0.774
Uruguay,2008,76.4,962.312164,0.77
Uruguay,2007,75.4,79.69746,0.76
Uruguay,2006,76.2,5877.87678,0.756
Uruguay,2005,75.7,522.951116,0.753
Uruguay,2004,75.4,4117.38853,0.75
Uruguay,2003,75.4,3622.52284,0.747
Uruguay,2002,75.4,488.768855,0.746
Uruguay,2001,75.2,6281.37747,0.742
Uruguay,2000,75.1,6871.897677,0.738
Uzbekistan,2015,69.4,2137.576852,0.697
Uzbekistan,2014,69.2,25.448414,0.69
Uzbekistan,2013,69.1,197.551233,0.681
Uzbekistan,2012,68.8,174.468298,0.673
Uzbekistan,2011,68.5,1564.966945,0.664
Uzbekistan,2010,68.3,1377.8214,0.657
Uzbekistan,2009,68,1213.265328,0.651
Uzbekistan,2008,67.9,182.28625,0.644
Uzbekistan,2007,67.8,83.476942,0.631
Uzbekistan,2006,67.6,654.2838373,0.626
Uzbekistan,2005,67.3,546.776852,0.62
Uzbekistan,2004,67.8,465.1198869,0.613
Uzbekistan,2003,67.2,396.129969,0.607
Uzbekistan,2002,67.1,383.3494997,0.6
Uzbekistan,2001,67.4,456.734892,0.594
Uzbekistan,2000,67.1,558.221144,0
Vanuatu,2015,72,285.83414,0.598
Vanuatu,2014,71.7,3148.36513,0.596
Vanuatu,2013,71.6,3167.34356,0.591
Vanuatu,2012,71.4,3158.58688,0.592
Vanuatu,2011,71.2,3275.91684,0.591
Vanuatu,2010,71,2965.82434,0.59
Vanuatu,2009,78,2643.441423,0.589
Vanuatu,2008,75,2697.961375,0.582
Vanuatu,2007,73,2393.367265,0.579
Vanuatu,2006,71,247.97823,0.572
Vanuatu,2005,69.9,1886.433359,0
Vanuatu,2004,69.6,1787.94723,0
Vanuatu,2003,69.4,158.52724,0
Vanuatu,2002,69.3,1353.934819,0
Vanuatu,2001,69.1,1362.61731,0
Vanuatu,2000,69,1469.849149,0
Zambia,2015,61.8,1313.889646,0.576
Zambia,2014,61.1,1738.8822,0.57
Zambia,2013,63,185.793359,0.565
Zambia,2012,59.2,1734.93612,0.554
Zambia,2011,58.2,1644.619672,0.543
Zambia,2010,58,1463.213573,0.533
Zambia,2009,57.4,1139.11233,0.518
Zambia,2008,55.7,1369.68249,0.504
Zambia,2007,52.6,114.587985,0.492
Zambia,2006,58,13.154199,0.479
Zambia,2005,49.3,691.3178164,0.467
Zambia,2004,47.9,53.2772217,0.456
Zambia,2003,46.4,429.1583434,0.443
Zambia,2002,45.5,377.135244,0.433
Zambia,2001,44.6,378.2736238,0.424
Zambia,2000,43.8,341.955625,0.418
Zimbabwe,2015,67,118.69383,0.507
Zimbabwe,2014,59.2,127.47462,0.498
Zimbabwe,2013,58,111.227396,0.488
Zimbabwe,2012,56.6,955.648466,0.464
Zimbabwe,2011,54.9,839.927936,0.452
Zimbabwe,2010,52.4,713.63562,0.436
Zimbabwe,2009,50,65.824121,0.419
Zimbabwe,2008,48.2,325.678573,0.421
Zimbabwe,2007,46.6,396.9982166,0.414
Zimbabwe,2006,45.4,414.796232,0.408
Zimbabwe,2005,44.6,444.76575,0.406
Zimbabwe,2004,44.3,454.366654,0.407
Zimbabwe,2003,44.5,453.3511552,0.418
Zimbabwe,2002,44.8,57.34834,0.427
Zimbabwe,2001,45.3,548.587312,0.427
Zimbabwe,2000,46,547.3588785,0.434
